# ABMS : MySQL database backup
#
# Generated: Tuesday 6. December 2022
# Hostname: localhost
# Database: bis
# --------------------------------------------------------


#
# Delete any existing table `tbl_support`
#

DROP TABLE IF EXISTS `tbl_support`;


#
# Table structure of table `tbl_support`
#



CREATE TABLE `tbl_support` (
  `id` int(11) NOT NULL AUTO_INCREMENT,
  `name` varchar(50) DEFAULT NULL,
  `email` varchar(60) DEFAULT NULL,
  `number` varchar(20) DEFAULT NULL,
  `subject` varchar(100) DEFAULT NULL,
  `message` text DEFAULT NULL,
  `date` timestamp NULL DEFAULT current_timestamp(),
  PRIMARY KEY (`id`)
) ENGINE=InnoDB AUTO_INCREMENT=4 DEFAULT CHARSET=utf8mb4;




#
# Delete any existing table `tbl_users`
#

DROP TABLE IF EXISTS `tbl_users`;


#
# Table structure of table `tbl_users`
#



CREATE TABLE `tbl_users` (
  `id` int(11) NOT NULL AUTO_INCREMENT,
  `username` varchar(50) DEFAULT NULL,
  `password` varchar(100) DEFAULT NULL,
  `user_type` varchar(20) DEFAULT NULL,
  `avatar` text DEFAULT NULL,
  `created_at` timestamp NOT NULL DEFAULT current_timestamp(),
  PRIMARY KEY (`id`)
) ENGINE=InnoDB AUTO_INCREMENT=12 DEFAULT CHARSET=utf8mb4;

INSERT INTO tbl_users VALUES("10","staff","6ccb4b7c39a6e77f76ecfa935a855c6c46ad5611","staff","03052021043218icon.png","2021-05-03 10:32:18");
INSERT INTO tbl_users VALUES("11","admin","d033e22ae348aeb5660fc2140aec35850c4da997","administrator","data:image/jpeg;base64,/9j/4AAQSkZJRgABAQAAAQABAAD/4gIoSUNDX1BST0ZJTEUAAQEAAAIYAAAAAAQwAABtbnRyUkdCIFhZWiAAAAAAAAAAAAAAAABhY3NwAAAAAAAAAAAAAAAAAAAAAAAAAAAAAAAAAAAAAQAA9tYAAQAAAADTLQAAAAAAAAAAAAAAAAAAAAAAAAAAAAAAAAAAAAAAAAAAAAAAAAAAAAAAAAAAAAAAAAAAAAlkZXNjAAAA8AAAAHRyWFlaAAABZAAAABRnWFlaAAABeAAAABRiWFlaAAABjAAAABRyVFJDAAABoAAAAChnVFJDAAABoAAAAChiVFJDAAABoAAAACh3dHB0AAAByAAAABRjcHJ0AAAB3AAAADxtbHVjAAAAAAAAAAEAAAAMZW5VUwAAAFgAAAAcAHMAUgBHAEIAAAAAAAAAAAAAAAAAAAAAAAAAAAAAAAAAAAAAAAAAAAAAAAAAAAAAAAAAAAAAAAAAAAAAAAAAAAAAAAAAAAAAAAAAAAAAAAAAAAAAAAAAAFhZWiAAAAAAAABvogAAOPUAAAOQWFlaIAAAAAAAAGKZAAC3hQAAGNpYWVogAAAAAAAAJKAAAA+EAAC2z3BhcmEAAAAAAAQAAAACZmYAAPKnAAANWQAAE9AAAApbAAAAAAAAAABYWVogAAAAAAAA9tYAAQAAAADTLW1sdWMAAAAAAAAAAQAAAAxlblVTAAAAIAAAABwARwBvAG8AZwBsAGUAIABJAG4AYwAuACAAMgAwADEANv/bAEMAAwICAwICAwMDAwQDAwQFCAUFBAQFCgcHBggMCgwMCwoLCw0OEhANDhEOCwsQFhARExQVFRUMDxcYFhQYEhQVFP/bAEMBAwQEBQQFCQUFCRQNCw0UFBQUFBQUFBQUFBQUFBQUFBQUFBQUFBQUFBQUFBQUFBQUFBQUFBQUFBQUFBQUFBQUFP/AABEIAPoB1AMBIgACEQEDEQH/xAAdAAABBAMBAQAAAAAAAAAAAAADAgQFBgAHCAEJ/8QAUhAAAQMCBAMFBAUIBgYHCQAAAQACAwQRBRIhMQZBUQcTImFxFIGRoQgyQrHBFSNSYnKSwtEWJDM00uEXQ2OCorJEU2Rzg+LxCRg3VHSjs8Pw/8QAGwEAAgMBAQEAAAAAAAAAAAAAAgMAAQQFBgf/xAAsEQACAgEDBAAEBwEBAAAAAAAAAQIRAxIhMQQTQVEFIjJhBhRScYGRoRVC/9oADAMBAAIRAxEAPwDr2NqPG0WtcpIbr5o7GgBdFHLoPC3l809gYMwvoPVNYtSOaf05AFkQI9pWadT0UnTN1BubqPgA0UhA+zgLlNiwJK0S1KL8/kpqid4RzUDTOsRr7lK0kmo1sEWRWhLRPQO1CdDUJhA+9k+YdFypo6PTytULWLFiUbjFixYoQxYsWKEMWLFihDE1nZcFOkKRtxdWgZK1RVMTp/GeirdfBzN9OiueKt1I2VWxBlgV18ErVHM00yrVkdiTZRNQzUqfqm2uFDVfPTROkNiQ88dlHzRXcblSk7Rm6hMpWg/+qysdEjJmX5apq+MWIJN1ISt6ptIAeW6UxyGD4wdDdBfCBzT57QR/kgOZ03S2xiGL2ZboL2B3qns0fPVN3NuN0kakNnR8xceSC9thdO3AAIElgNdlTYSQ0e23n6oLogDcpy5u1tRuhvsXJYasZvYATohObY6hO3i+5+KA8W1KhaQB7dNNEAiwtunTwT6ILnW8wgLGczsgu43P3Ji8mR5JJATurIkeAEEx82nVKl6L02DaLDfyS+7J8/JKLQLX16orWjrqktJhU0Iy6DSwXoiBH6KW0aeRSg33qJUCJDbc7rA3z9yWBrvZKaLnYFXQDQhsd72RWMzctUtjeRKcxQguG581EJa3Axw3HMHp1R44ddtfJOoqcAahOWU+1hsjSFsbRU2lzcJzHS7EbdUeOHXXWyeQxiwHJaEqM7Q2ipbnXbzThtPZtgNE6jhIOhIsjxRCxBPxTVbEuhrHTE2B00RG04B52T2ODNpYp1BRAvta5TUmK2IxtMbeFpssVhjorNssTNytidaLWRWAdLXWBpNgdR6IjACSjTLCxjbmnsN9NU1Y3ZO4AdUVkH8DgPcnkUniGqj2G9gPmnUW4BKJMqiWp5dLlSVPLoCoOB2XW+qfwzaN1CfF2qYDjZZKSpBAupSCS4VYp5rOB0CmaOoDuayZcflEg9DslRoV6hsdmsiLC9jqxlqVnqxYsVBGLFixQhixYsUIYhv+ofREQpCA08la5KZB4qbE3Ot1V8QII3VjxOQOebn3qr4g8a2C6uBHPfJCVhsCL6eihao6nTfyUrWyW5bqHqHb6p8mMiiPqCmUlrHZPKj4pjI4ALKzRGI0mITdxI15JxKQQm7hrvfySWxyQF6C7W1vkjPPh39yA65ISGw1EC8kFAltvuPJHf8AW0PuTWUnyCWxiQJ+nogSeY28kVz7HVDJaSb6oRiQ3eLHw3QXAA9UZ7m7dEIkE35qrDSBPNwQdPRBc1Fe6xJQpHADohbJpBP0O6Z1UmVtufVOpXhrSSQPVRj3FxLnG6U3QaiCeNhsvbeVvMJbm6BYfWyVYekSG8jqlZddPisvpZe9OaGyqMAKUL8l58kqwtspYNC23B9yJGzkhgE7W0TqFmgJ3RJi2j2OMk6DUp9BBlGuh6hZDBYgjXknjYja41VrkzyPIovInVOWxWPl9yVFF56p1HGbDa60JCGIigDhv8E6ji8NzoUqKO97o8UJedrDzTUrESYiOEl2ydxQWF+qLDBrYJ3BT5wbg2vonxQhsRTUZeRyHopWKhLyGjwjzRKemDGi1/cn0MRY4XTkhEpegIpWtFiLlYnpic7UAW9FiZSF2IbG5x8kZkVk+NECdLgrBTZd+qUaAEcRuCBdO447DzKU2IabXR2Q6aH3kqWyhLGZdj70dgN9dEpkHnoiCIZt7q0w6FMdbYJzFKcovum7I+hBRmM6WRqRNI+hlLTy81KUlSbjVQzAR0T6BzgBtqnp6lTKcSz0k+do1uQnzTfVV6jnc2381MwTZwsGWFMbjenYdLzdeB116NlmNadnqxYsULMWLFihDE2qpAxnnZOCVEYnU5Li+iOKtgTexDYnNfS/zVZr5QMw0Clq6oDs19VXa2Tpay7ONaYmVK2RtW4EqLncLnkntS691Gzu0KXJofGI0ndroUxmIsbp3MbnXT0TSUXWaTNMUNH767oLyUeTQobx52WeTHKI1eCLlN3uACcyAEEA39U3kFt0psOhq8+Vk2cDc6p3I25Td+yBsJJgXe4oLx52KO5oQ5G2HMoGwkhpK2yC/TXRO3tGXUJu9g11shsMbu+r1QXtuL8kdw9wTSrkLQQNzzS3IJIZVMmZ9uQQSL+qKWa/gkvHh0CS5D1GhFjfdYN90sN0HTovHN6ISUeFt/cvAMpsEoAtF3bJRaXEaXUBaE2u7zS2sLtOfRKEJzeSdRU5dbr5K7FNCYoLakXJ5J9BAbar2CmIPnyUjFTaag3RoVLgTDGANvenTYgBe2iJFTmw03T2On8Is1aIpGWYGOLMzbUI8Ue3VLZHfQb9E6poCCDbVNSM0mIgiJPl6J7HBoLBKihNxYWCetpiLWvZOjEzSYOOnzEABSlFRhzvFoFkFOGhtwMye0wPegC9k9KjPJjmnpxcWtbbROPZ8rrggBHgiygEhEew5ttExMzNjN7GB2pINuSxPO5zal1j0WK7Assf5Ee06sIXrsELmk5D6q/Oo43btCT7DG37I+CzdxHQ7WRGt5MOMTrZUptGTuFdMTw1jhmAF+hTGKiaR4gEWpeCU1yV1tEddLdLr0UhB2VjNEwnkAvfYmi2gUsNMrzaa3JKbTkaWIU/7MwaFqQ6CIWsERZECEghGZ4W+ake4jJsAhSwNB0HuRxlQSVg2SlttT7lI01WRubJgGi6NHYAkH3JlqS3JpLBBUh7RrqnAdfncKCjntz1TuKryW1BWWWL0Gm0SnNepm2uaTrZKNc0JOiQxSHS8Jso+TFA07hMKvFS/Y6eqJY5MmpEnWV7ImEA69VWsRrs+bUe5N6zEiXfWURWVZcT4tOi248SjuxbuQOsqb3Kh6p9wUWpqCQoyeUlaJTDjCgE7rNKjpnkg2KczPPqmEpOtws0pD1EC/xG+6BI3wkCyM9xvoEB79/DfRZ5MfFDaRhCC7XzRnyEctEGRxPJIbGpAXi9yNPNNZCXHQ7I8k2U7aID33CCwkhu8a25pvJa+qcvkAB0sm733O2iBssQdbIb8qUXDkhvIBSpMsFIRa9gPNAfvpZFkPkguIbfT3pdlpDapJa0u09yi3kvJJGpTupkMkh6IAaR5JbZphGuQVtN7rwNJGmyKWk6ke5eFmXXSyBjQRaDYaheCM3O/vRcpdqlFuniPwVWVSAhlxsiMiN9rojIyU9pqUuOvwVoBqgMVMTbSykIKU6ae9OIaS241T2Gm1GmyNKzPJjeGlyuF7XT2KA7EBHjp7kXATmOnuRdOSM0mDipri41Nk8jpyI9dEWKIADkjxRZiRfQLRHYyye4zbAQddxuU+pocrg4+5e9xbb1R4GWcOd0xGaTCRRG5P3pywXy6g2SHeHzHqnFJHm+KamZZDuGMlo2UhTUocLkWug+CJnTnqm7sXy3awE26BORnkWSV0cEYBIFgmr6xpOVuvmExo5faGhzmknmSjSCONhLiAeiKxDscDxC6xR5q2A6yn4rFdgm+14SqxJxxQC93st5F4J/4VjOIYsco6iKhfLFUmNwY4SMJabaHKHX09Fj0s7vci+GMuOeJp8BkBDCYsub6l7+9a6qO2dsLiCYwQdjotGcX1GKNxirgqMQkqnRSuiL3XuSCRexN+SqtRS1byXZzc/rFNUopU2L7Upb0dJu7cAHC8kDT5uGvzXsfbi2QgF8NvIrl+Whqwwhz9v13Js41cFgHPHkHFEpQfkvsSOsGdtMb9LREb6ORm9r8T7Du238nLkM4lO1xBc+w6lYzGXXy99b3gI0osvtSOwm9rEDj/Zg+hSh2o07rEsIXH54gcw/3rJy0kH80SLiKXUMrHX/AFX/AMijUV7C0SR2C3tJpnciEZvaDTHTMQuQY+Ja4WcyqmPpIU6i4rxJrCW1s4/3ij0r2RKXo66j4/pr6PCcM48piQM4JJXJEPGWJsA/rr/UgfyTlnHeJtd/e/8AhH8kxQvyU79HWLeOYdbPHxSncawn7Y9y5UZx/ig/6QwjzYEUdomJgC0kT/8Ad/zRrH9xd/Y6gfxjCftD4prLxXC7/WXHqubR2kV+t2xO9zv5rz/SXWC14Iz53IV6GWn9joaXiSE/6wBNJsfhdu8fFaDPafOHAGmZc9JLfgsPaS4fWpSPSW/4JbjIan9jd0uNRH/WJrLi8Rt4wStKP7TWXI9ml9zwUj/SXE4gGmmHoR/NKcWOizccmJxknxbprJiDHO+stS/6Sqf/AKqoHnlH80WDtDopXhmeRpvuW6JDUkPRtI1rCd0J9U3VU+LG2SgFr735I7a9ztiLeqztjlEsMlSy2lkCSpaQoN1USN0g1Lr21KU2HRLPnaeiC+UC3mo10zrEWJQ3zvvsQEtsuiRkmaU2fK0FMH1BNwd01mqbdSUtyC0km6RvJJc8a3Ch5KwtaNTc6J2yVzmAnW4SpSoYoWOXvGg/FMKqVpAYCASjGSzbdfJMJjad2nNKcw1DcRk9FhZztqsv5Lwuv5eqDUOSFZR6JIaNl5mI3CwPLhbdVqLMttyCIxhcQFkTS9w3UnS0Y3t71LBaBU9Ht1UrT0QBBA9UWmpbW006qQjgtbRGhE3QGKmA1sU5jg02RmR9EZkIGpTkZZMCyMX1CcMYNNLL3KNgEprS1wvcJiESCM0OyKwZX76dEgANN73S72INrp6M7CkEn8F6zwlBEoAOmqS+UNGm/NHYhj8Ouy/4J7DIIo83XYWUNHUjLYb9EVsxkHkExMRKI6lq3TOsb2RoA2PxON/VAjq6WIjvLucm1XWsd9TTyTdRnaJiTGe5ZkhGvVMZMTkOjnXKimTG/VeF5vyJ6ItSQDgmSYrtNlijCMxvb4LFNQHbRZ5awnUKM/pOMExWKculaGMc5xidZ2UA3IOiq/DfaLFxdAJqHCsTMJNhI6FpHycVJYzHR0lLJWYtDLT0xj7t4e1xNnHazdibfNTL8qNnTwuW6KpXS8O8QY1U1VNS1DI5HXu/c9SfFuTqnbOH+HZvrCob1vmt8nKCwJ2DgktfJFGTq0d5orbBHw89oL6qcE9BJ+LV5zLOTk6Z67HBaVsMpeEOGpwLVEjAOQbImk/Z9gMjyW4jK0W2LX/iFYWUvDznaYjUsHqR8ixeOwrAXOv+W5Wn9eVg/hWbvSXlj1BeimVPZnhLyTHi4b5Pjd/JQdZ2ZZQXQ4nSut1JH4LZUuDYW8WZj7AOZdLEmtRw5Sln5riGEkDY92f4k2PVTj5C7EHyjUNRwRVU7yRLSSgcxKFE1eC1EYsYoXfsv0W2azhN0n1cYgk/ZY38HKvYpwPWlpMNTDNz0FvuutmPrH5YqXSp8GunxTRCzoGkftIJkIuTTEDoCp/E8CxGg/tIcw3u3ZQ75ZYbh0T7BdGHUWYpYK2EMrO7H92f7inEeLkEAtma0cgf803ZXdYn28gle3xNtmjk97VoWYQ8I8/LDGgkic3/AEtfxQzjETjq6QN62TU4nCd2O/cKQcQp76ggebD/ACRrMD2V6HjsVhds91vNn+SE7FIr276482f5IZxCjdax1/ZI/BDdUUbvtNHqr7xXZQZ2Iw3FpG+tivHYgw3/ADrfeUFzqRwuHx6b+IKFxXiHD6FxijImmG4B0Hqp3XLZF9pJWywQzOl+o8O62cmWIY43DT4n5ncmhV48Uh1OWxuEIO5boUGlqKd8jpXN793V+q0xxSe8jO5xWyRZsL7QsRpA5tNBD49LywskP/E0pzU8YVdUJfbYoWGNuZgigjYS7zytCouKY+9l4oWiNv6qrVXjMsj3R944E877o+2vJfcdGyaTtfqaCqDZGNmaBbI5+l+umqTjvatVzxMdRzOppMtnBhtc35EarTz3kSnOblTAkiNOwF+7bqdqC8APJLwWmDtU4ibLnixOew+y52b5G6s+D9t+NR3bVNiqWW3IDHfILUE9QKchzSHDq1N34sxxuHZXeRskPDB+Bsc0kdK4V2z01WQypayJx6uI+eyumH8S0eKRNfFK0tPPNp71xnJib26tffyUtw7xzX4HO19NNcA6xu1a7yssOTptrizXjzKX1I7DfICDbX0Kh8VqHwNL2uc0tBN7+SpPAnaZQ8Qw92Xey1QHige4WPm08wrXikgmg0NwbbLlPVF0zaopjOldUXjL5HuJ18RurZFcxt0toFANjs9ulgNlY4bGFvPQaJM5BpCHC9rbprILyu0580+ykJpI20rvVJssGQLIbidrXHUojtOaEWi9rjVUQ9dpvp5L2GMyHQL1kJkdpqpOko9tESIe0dFe2nqpeCm5W0XtPAABpspCOG4FgmxQmUhEUPhFgnUcNvTqlxx20+5FLQOScluZZOzGttbkl7aJOWwuvb/FNEPk92NwLlYXHz1Xl9LLy/VWmLkhYkI80p0ljcboOYc0kycympiGhZebkpJktvskOf4dCEB0l73OnmjQAcyDWx9yW1+lifjyTHMBsdV73tx0sjQDQ8MgPmfJeF5y6BNRKQ7T4pRlN9yVZnaoNmBI3ulh4Catk8VtUVsgB3UFtCzK7rZYkmRoOp+JWK7AKv2ccWcHcNB7ap+M0zHuDu6poonRtPX64+5bf7TG8JY52eUU/wCVJaSaoe2amgmc1j5iLB1xroA6++9lpzh/s9gxzGaSkiaXvlka0NdE5t9ethZbK7SezOsxbEoYY5G0NPh8IghiIz3B8RduOoHuRTyKcNSOvHB25qzW1PhGG05aWYmywO3etU3D7HlBFfEQOkjEyZ2Q4xLIRHVs6XMX/mTkdi/EFgG10Lj5xEfiuHJryztRHZZDI3w1DCB+sz+aE8BrADLduwysabfByaVPZFxNG05HwPPI5T/moWr7MOKYb942m8tXD5WSXXs0L9yx92zQmY6dae/8S8eGlthUNJ/WhcLKjv4C4giJvBA4+Rd/JewcE8QEWFLG47/XI/BA19x0aLg+MAnxU5HR0bx+BTSelZIDY0YHO4cP4VFUnCfE8ZFqC1ti2aycy8O8UxNDvYZyP1KgfzQPbyaEM67C2Sm4NO642DyP4VVMTwp4JyRX/ZddWufCeKGtzHDq4t6ibN+KiKqnxqFw73D6pnK7jf8AFMhkcWBKCkU6oop4de4fYdG3QCx17Oiff9kq908FZJYGknc48i0lOpaGuLdaCpA84SR9y1rqaEdg1v8Amho4OB/ZKzNSt3kbfoQrfXQOMhEkcsdv0oyAmEtJA4eJ7QNrbLRHPqESwuPJXv6m4n84w+8L0Mobf2sR/wB4KeOG0mWwLblQHF1BU02EyDDqd89W/wALGwsLjr6Jym5OkKcUuSicb8V09GTSYe8Ok/1kjdh5Ba/dXl8hcXHU7lXjCewvi/HpQZaaPD4XameumaxrR1IFz8lD9pnZPW9nFPSTT4xhuKsncWltDK5xiIF/EC0efwXWwxUVXkxZG5EB+UzEdCSOqUMce1wPeO+Krb6stuL6IftviB6LU3Rm0IuTuIYzASQHOso51QJ3F1r31uoCGoL3WtqpGFzmwka380LmRQDVUhlAd9UtTaprHxR2uQLJzFIX2uzOAnMsEM8FnMc2/NDrJ2yvtxAuJu4pTXGckAe9SDcBbrY3HJEp6aOLMC4BzeVlWuyaEhvHTPhe3O0lp5lOaqKJrAWGzuhQKzEmRsyB+3JRk9cXs8LifXkqZFsP2YlLSSgtJa4bOBsQth8G9sNfRZabEJfaqbQAvOo961G+q729ycw5r2GpyHQk6rFlxqa3NMMjR2ngmOUuOwRz08oexzQbDcK5xMPctG/hC477OO0GowDEYw6Qmnc4CSN3TqPNdfYLiEeI4ZTVEbu8jkYCHjmuHlg4OjowlqVhgE0nH50p+WgnTRNp2fnCs4YyJBBCxkIlI0KcNhLjYhPKak28KAoykpLW6dVL01NblospabbTRStPTW3TYoBsRDBaydsiB2CLHCAR+COIrbXWlLYzSAiPKF6WXtyTgxjTmkuaOeyYhLAgW6pJ15IgAOyQegTBUgbjlCG6TMEUi6G5gaqBYPOSLXSHOulO20Qnu6FGmJZ491m2ugmTS6WRdpCG5lzbWyYmKaMD77pbT0KQGW3XrQALAo7KYS3O6UHgXLtLbplVY1h+H/3qtgpyP+tlawj4lVvGu1nhPCo3ulxmmleB9SB4kcf3bq7EyLnmYWl2bKepUfinE2F4HGX11dDSj/bPDVoDi36RTa+OSDDnOpotQHkEyHz6D5rU9dxZHPM+d8T6ioebulnkLyT15Jii3yIOvR2u8I21xyk/fAWLjX+lVSdbg+5Yj0L2DTPq92X4XBUYtLVh0EhgboYm8zp+kVCdqfBGLV+N1NZE6jfDIczWySODgLW1GXyWw+B8FZheGzVMVLFFJKDlbGALgX52HNat4jpOKhXyGUYnZ36M5t7rOSUtOKl6O5erKVzD+BsahdZlJRudvbvT/JSsnCmNsj0wmncejZx+Nl7RRcRxONxjDgeTXOP4qQZVY+xpvHjN9tWOK4002dONUQ78Cx+GMH8iOcf1KqOw92YKJqsHx6JpzYbUtcdrVcYHyerXJi+MwtOduKtPnTOP3tUVVcQ4yWkOkr2AbXor/ewrO00PiylVVPj0bz/U60AfoVbT/GjYfNjkTxekxFx6CXN/EpCq4pxRrrPnqbc81I0fLInVBxlWNc389IB+tSt/wpTb9GuP7jiOsxZjQ52H4sT+qxx/FH/LmJReH2HFhf8A7I93zsVIQcaSlwzVkbbaeKAW+5Pjxy22tXTMA5uiA/EJEl9hm5WqrGMQhBc6PEWt5h1A7T3liquLY5WufcmctPOSkDf4VfcQ45YY/wC+4c8HdoYT8fEqVjvaTSxSHvHUBDdjZwv7sykYNvgu/Yzw3HnNk/OEkDl7Pm+4K1w8VUrY7GeFo554rfgtfYh234dhsOaJlKyQfaDCfxWtOMfpD1eIMfHHO98Z+zms34BNj0s571RO4kb+ruNMCiY4S1NDK4/ZZHmd8lRcc4qwKQuLqeBrero8v4rl7FuP6/EJSW1D4mk7R+FSXCvDfF/Hsvc4LhlVWAmzpyMsbf2nu0HxWrH0ihu2BKetUbO4l41wKKN/cMhMnkzZUGr7WPZRlguCNspsti4F9FDEHsFRxLirYgdTTURzH0LiLfAFa67cOyGHg2BlXg0E/sLAGzPkkzuBOx8gtuGeOUtKe5nlHTu0Q2I9r1ZPGRLO8jlZ5C1rxTxjLjVoyT3QN9TckqFldIC4Enfmo+pLs3h+K7ME4sw5MirShJq7PsUuFr55A1jcxO1k2hgfUS5QLklXPBcNpcNiD6iZrZHcjyT3OkYlBydIjKHD39+A4EEbqfgw98gIHi8kWN1E1xc2oYSTqLqYwx9PIzwOHuWaWRmyGJIr8VO6GUgi2uqlpads9KMpsQE9qYYi+5sCF7QNY+Ug2ISu4N7SKfVy1FNLlNwDzUTiGIPzkOGV1lfeIcLZLB3jGi48lTsTwpzocxYXefRMjkM88VFbknLnHXRD711xqVk0ZikLfvQ7OITlOzK4hWyFr77pRkBItpr1TUSFxIOll63Ui1/eqbsFImKOZ0MzXtO1l199HnGnYrwo6F0hk7h5GU7s8vRcbQPNw3crpX6JdVI/EcYpyT3bomutyuHLD1EU4s14pb0dDmKxvbRN5Y80lgpj2U3ubaoLqK8xv8VyHGzXYzhpS7cKQpqa5AtoEaGmtYWUlBTZQOqiiU2Ip6bYgWUjFT6XKVDT2I1unrKfn8loSEyYBkW2iIYynQhAGyx0fTRHRnbGpbohuAKcuZY7oT2gGyOqBGr2kbIToze6dPaOaE+wsiFsbkIT7i+qO5vO6E8XFgdfNUAALRvzQZBfUfFOi0jyQX8/5KC2gJbbnb1SXXJ1uj5NDpe3RJLNbqC2gLbNBv0WqO1btZp+FHPoKJktZXX8Ya/LEzyJGpI00+as3afxrBwngUxbO2OrkaWsPMeYHVcf4/jbsTqJSHPa0kuLnuu5x5knmVoxxvdgtbEnjnHGLYxLJJLNHG1xvkY0A/Hoq5PUGdhc4nOd9d1GuxExsIFpBzBGqj3V+QOcAQ47HMbLUthdDmplAJdmc79V3JJdizGQgBz2vHUqHkqnlxu7MCmck/IuF+SLbyLcSz02KM7rU3N99Viq7aggfWPuWIbRWg+8hgfwzwjJ7Pn72JlwSXPIJP61zzWosU43xeoqD31awtv9qFg/hC3RxJjbsBw0TtjbK8uygONhtvstW1XFtbPO5wpac3N7d+R9zUrJ9NtHQxN6rGtFxnVsaGmvpG+ZjA/FOhxrO3wvxHD9eRj0+T07p+J6xzQDhUZI6VRt/wAi9k4zljBMmEQsaPtOqdPiWLjTr0dSLZG1HHNQ4ENqcNc0DcxEf/sULV8Yym95MMD/ALJyvN//ALikcQ7QqAtImw+N1ubZwR8cirmK8f4a5p7jC43v/XDSPuSVilLhDYyUfIyk41rO+0bh1uuR4/jU1RcczUcXeSOoWNt+sL+mq17ivEb6nN/V6enYdxHG0fOyrdbjWXW5mcOQKaukb52GrOvBuWr7aO6BFPQMlkA0eZCG/C11r/ijjytxzOcRxFsNPv3DDlYPdz961niuN4rUOIhIp4ujCbn1KqmJU+LYg12Sd7ZBtc6J8emhHwV3bNhVWO4LLeNuKRF50LL2VQ4j4WfiELp8Mq43u1Ia52h961Zj1BitLK72pzyPMprhfFNThDwGVT2DpmTdNB2nwxOPw4pQ1Loq2GWGS+geND6HYq29mfYBxT2pSCelgbSYWHWdXVXhYfJo3cfTTTUp1hnaVDURNirmRVDOYkaDdbL4T7aY8Ljigp5mRwRjKyDOQ0DyAIshnqUfk5GQd/Ubk7MvotcAcDRRTYnhlVxHiIALpqwMdEHc8sd7W/azeq27TYJwzTxsigwYwRN0bGyGJrW+ljotG4L9InB6drfyjh00jeclNVuv+6f5q24X9Ins1r5RHUYhiGGuOgNRG8j/AIS5cfJDNJ3IuSXKb/gv9Zw9gEzS0UFQ33C3yctc9oHZjgOO4DiVOI6pglhc21hbbTcrZGCY1wZxTG1+GcRRVVxfLFOS4erTqPel4rwxhdbTTRtxd+R4LXDMBp02WZKUHaYMMkb0u/5R8esew6bD66eCVtpI3lpXmE8POxjMQLBuhK2LxfwXPQcV4thdQ1wfS1UkLTILOIDjY+dxYo/B2Aey4Y90jMsneOBBHRevx5bxqRiyYqlRUafgp1LbK0362R63hZjW/nSbkcyrRjxxRsMjKKnIJFhKB9Va3xLD8Qle8nFHOkG7XvIKvuNvYJYordsTX8Ndy0ujkcfK6hhJV0ModHK5oHTmhzU+MQl358uH/eXQga1rSZg1w5+IKW2VsuGWGnx6aobaRxzDe6kKPF3QuBafiq7QQumcCGnVSM9O6EbHZLZojJkhiPFj8uS+ir9ZxPNICxrfD0TSudY+IE25pj7dFCSTGT7lEVNo8kkmqn3bHz5BEEMsYu6IgeicU/ElOwACG1/JSlHi9LWvDTZpO2YJl0ZHC2V+phzAuY0jTUEJiHlnqr+cFbLGXBnwVGnh/rcjWDQOI0RJ2JnDSHpryOHVdqfRm7PZeGMC/KNSzLNXxiSx3aOQWgewHslq+P8AiylfUU7m4VSvbLUPeLBwGoaPWy70pMOhw+njhhYGRsaGtAFgAEjNKlpJBUwBjsfJIdD47WunhZc6pRj8Q2WBo0WBggHRSUEWUDS6DFHYp/C2+vJWkU2FhguU5azKF5CLDkjC552CLkUJya3ukvBt5IrrbIbn2CNbC2CcABum8hF+SNK7zTd9yd7q7BBO15oL0ZxtcILnaWCsW0Cfe+6E4Ij3XO6HcXU2BEOBsEPLdx1+KNcel+STsTfXXdQpiHNyj8FAcS8SQ4PRyyDO50bS4gCzRbqbKxSfVOmYBaW+kfj0mEcLQ0kLzG+seQ4j9EbhXFWwK3Ofu0PjWr4vxeWrqKkvbfKxuzWN6AfiqZPMXNdlIDm80LEa3u2ublB9Tsos4iY7OtmaDe11viqFSdgqqrDJdAdT9nZJMLqxubQHe1+SLVA1bRLCzI02JBTaaNwZuNP0VdgCGSinDrxtcfkmc7RNfQNv0WPnDHG516pvJVhrzZw/dVA0GbTWGguFiB7U92uY/BYoSj7xcd8RYNhVGabFGtkc9uZjCwP960hi/FWGl7hRYTC1tz4pP5NVExbjSu4hrn1FbUSVEzt3P5/DQJo/EC0eKw9U+WKDSTdlwnJMsFVjdTK4GO0V+UdwEwmrpnOu95J21KgKriMRaAi+1woqpx4uJGckeSzyjFcI2Rk3uWd9XuC4H36phPPJmJErQ1VKTFn3JDifeo6pxuZriARbpdBSGKVFrqpRe8lQACftFRtRidBCCHVDTbexVRq8WqJ7jTyUNU97Je5spQ5SLnUcUYRAbOqGDysoip7SsFw6TNG5krvNtgqhVYXHUg5z81XcSwGlZG8960EdXIZLbYdHS+S38Q9o2GY7TvZK2HK79Brrj3rUWNNLZnPp35mE6JNW5kEjgHB1uYKBDWNkOhHoUtJo0KvBbeBOxvjjtFpX1eCYZ7RStdl76WZkTSegLiL+5WDEPo99qGAjNLw7UTtH2qOeOf5McSrV2EfSHqOzRhwyqpYqzB5H57HwvicdyCNx1BC7U7M+Nm9pmHSVeDRUkrYi0SMfKczCdtmrFkzZIN3HY0aI6dVnzfmPE/Djyysoq+ic3Qioge0fMJMHG1UHjvYoJSDuQQV9YYcKxXKQ+honDYgyu/wKHxbsrwvGQXV/CPD1Y43uZ6dkhPvMd0r8wnzEV3Ip7SPm3gvaJHRva4tdE+97xu2K2JhX0icfw2NvsWPVDQBoyd4kb8HXXUuL/RI4FxmRz5OCMOpnv3fR1k0GX0a0AfJa/wAZ/wDZ/wDD9U2R2H1OKYe8/VHtrZWt9xhuf3kPcxz+pDlnhX1HL/EPGUvGHFkmOYgWT1khGcxgMa+wtcgabJ5T1cUxdFCzxPcX2CtfaJ9Dnins+lpZKHG6Svine5oNQwwubbXW2a/yWuMT4M4o4QqnyPkpakAWMtLUNc301sVuxNuFQ4BlPHJptk9Pwu7EmHvpHAHkHWCrOOdkdJUNzwVphl5g6grI+MMUMeSQMaRp4nalKbiGKYnHaN8LL83PP4Ao0pJ7DGo1uzX+I9n0lFK5rqkvAP2SU2puEjn/ALNztd3rY1LwNxJjtRlFTTsaftNzOPzAC2Dwz2JOia32uvkqXnUnKGj7ytUYZH4Mk5Y4f+jUeDcHsa3M8WA2aeaHj+BgNcGgABdNwdjlCIslhmtoS9xv8x9ypXF/Y7JTuaY6ssDr/mwA7T1NvxVSw5KuhcOoxPZs5krMMu8gg5hsoypw6qjGkYnb5hblx3s3rII3PpJ43yAfUnjyg+8EqkvqJsMqzS4nRupZRoCW+F3mDsUmpR5Q1SjP6WUX2ckWdRWPkE6psNZK4fmjE7qr62KkkbdoYU3lpIHG7bD0V6yOG57hYc2leHfZbcHe5W0vov8AYvQcT1mIY9i9K2phpZO6hhlHhLyLknrYEfFUHAMMlr6ltNBC6aSQ5WxtFy4rt7s04Vi4M4SpMOjiZHIyHvJyN3SkAuJ+73IHOlsKmkuSF4Pw6mwvizG6alp4qaCEQMa2IWH1SfxV4qLankqTwe/vOMeKXXBPtETd/wDZhXSodust2DVAPrG50RHjUITXagozje2gUBYSHzTyIiyYxu0v8k5jfaxUKH7HaIod5poyYEJffXCgDHBN+iHI4aBCM3uQ5JEYtnsrwNigPfrdY5w5ob362ChBD3+/mhudp5lY82Bty6IJf6KAs9c/XZIJ05JLna9ChvksNdFdgBM2vmvL666BDEge3Sy8Ml9iCpYLDZtD0uufPpRPdNFhjC05Wl2vLbdb+73kND5ql9o3A8PGVDJFJ9dzQxhtex3v8U3G6dsBs4RxBsedzX2A6qDe0tc5ue4V3494creFMUmocQpi0Mc4MeW2DgDa4KpFU4ZSQBY7WK3bciGORU3pBHdsfK53UTJUuicbm/mnFNh01abBji3qnP8AR6XUyNsPMIbASIWQtm1Ibfqm0jiXWsDZSM+Hd07b3oDqYtPJVYSQ1zPPPL5LE4EDrfVBWKWSjvKp4+wjBGuAmEz/ANpVfEu2CGZ7ww6clpitriCbuLvVRk9WN8x+KfpY2kjcEvaQyWxLgU1k7Q4ibNcNfNaZmr3tdlbck7AJ/RcOcTYkGmjwPEalj/quhppHX9LBC4+w0/RtH+nTXkkS2CFNxwywsbhUhvZzx2bAcKYyL83UUg+8J5R9kvHNbcfkOphP/aLR/ebpbS9hqybn46BuDf3KMq+NHOuGvIIUpQfR241xFzQ9tFTE85pjYfBpV3wT6G+K1oD8R4rw6jb0p4Xyn55UuU4R3bNEU3wjTVTxLUS3vM4D1ULPiE0z9ZvdddeYB9DPhCFo/LHFVdVvH/y7I4G/A5z81qb6SPY5wj2bPwz+jdRX1JqM3emWUPjZa1vsg3N+ttEhZ8cpKKNSjOKs0qQ6UnM69+qZy56J+YOuw8hyQJHSRP8ABchbb7DexwdpeLd9i9R7DgsJvI55DXTH9Bl/mU2TUFb4Lg5TdI1zR4gHltjqu3foPY26HDsbo2CqlneYpA2lJJDRm3APn81SeKvoZ4TWE1XCWPQ0sjtTR1z80f8AuvHiHvBWzPovdjWOdlXEdTimJ41hsN4DA2np5TLnuRq64bYaefJc/Nkx5IbM2400mmjp6HFakDxUuKX88/8ANOG4tMBrBiQ9WSL2DiGQuF66jOm+W38SN/SF97tqaJx8x/5ly6rgxyi/0IbOxSZxFosTbryZJr8il/laYD6uJt9YJP5Jx/SOffvaT90n+JIfxPUDaWkI82O/xIH+4OmX6EUftLwn+lGAyfmMQlrKdpkpy+KTKHW5gDUFcDcZcQSySTtmeO9JNw3QA+i+lNRxHMIy98tCxtrkua4D/nXzP7esNZg3abj1PSSw1FE6odNBJTPzRhr/ABZQbn6t7e5dX4fl3eMuUG4qTVUa2qalz6g3PNTlBXxU8bc8ee3mqpUuIqbqewt7HtbmFrcyu9FGXJPYvmDcV1lJCC1/5s6hj9/3t1c8A7Vg6oZDLHlIIFi4C/vWpp6x2UMYbWVp4IoYsk01RGJbizQ4XstcGYZnQtBxlGIg/ugdPq3/ABUJxnjH5Rqqbuo+4cIbube9rkqF4YwrEBlliGanJv3Eztm+X+ahuLuLYosUqWMikkkb4Wm+VotyJTpPYTDkZYi/vi4EgOG4VYxTC4ZoX98IxGfrCS2X56KI4g4oxCql7sGOnA5wjU+pKiC18zS6RzpX/pSOLj81jkjYrRGY5g+H+IUxEb+sBu38Qq7TYdP37WiYOF+YsrZW1JEHjAAAtoozCrSVebQNusc8aNcM8kqN1/R34Ujk4oZVys711PE6QkjwtOwXTMV7VAtqInW18wuVOzn6QHDHZvJV0dfT1k8srhnqKYNcGgD6tiRffqt09nnbtwx2k1dZS4VJPFVMpnOEVVGGF+o2sTdYMqoZbbsH2dSd9xJxW8ak1wHwYFf5nHay1z2VvD8X4oI1vXn7gtizDxWtqkbFvkEikaC6EG+aMw3ARFNimC2qMDcbIbGgk20RGNIGigNhWmyVmKSBbRejQbKAM9zHmvM3n8V7pdDJ12IV0LYlzrC90B7yTsiOBAufigP1uiIIc66Q7TklO15IbrjndQAQ55KFI63mvXg3ItZCJ35+qgArvLWSS+zrhD2K8Lxc73UBYUSEjzSnOzAX5IIcTr0XpeSdRdEgPBTO1SDhmDhqebiGijqaZxDAC3xZjtZ249VxBxPRYfFXSnDw9sGc5Y5T4gOWvNdlfSCwqbFuzXEO4bndTPbUFo3LQbH71xnV07e7jLyC93MrRB0iabVll4bwiJ2Ex1Dm6EFR2OVtNTRuAA00CufDtPHT8JU7pAD4Cb9dStecSxGolkAFgDoOSZdsBK+Cu1WIRzHUZRyTU1kd7aEJNRRi/idb0KYz0Fmktc7ysVLQW6JESRu1sD6LFBiGUbLFCG1WuqcSqo6emhkqJpDZkUTS5zj0AG63lwD9EPiHiSmZWY9WxYFTuPhgI7yZ3qAbNHvJ8lufgPhDgjgaBsdBhkk89vHWVEPeSvPrbT0AAWxaTHuHmsAfQa8vzJulZOr/AEDY4vZG9nfYhw92fQwyYZgOGVdZG0D22rYZZSRzDnHwn9kBbGOOYqxwApaMnawc6w9ypuJcf8H4JSmavEVHBzfNG5v/AKrX3F30nuzHA8Oklp2TYrUAHJHSxOa1x5Audaw9LrmS15ne7NcXp8G6q/iPEo4XZ6SkGmwkdb7lpPEPpLYX+UpqcYc+Z0TyzvYn3abGxIBN7eq5a41+kTjvFuJSvp6mTCKQ3DKShkc1rR5m93Hz+Sof9OK6meSyoJeT9aRgK6GH4e5bzFz6hQdRW53lhn0mKGkeMuCVDx+lnA+VirBF9KegIA/IdSD+3f7mrgag7S8eoTZ0sE4J0zsGnwsp2k7UeIJQHMND00jcT966uL4LDNtFmOfxGUOYncbPpRYY83OFzxjoc5+5hTfEfpAcOY3TuhrcFFVC760M8b5GO9QYiuNx2p4/HCQI6NkvKTKTb3JtH2ncTFxz4nlHRkLAPuXQj+F299VfyIfxqttJ0zV4t2aVVSZxwdhMM17gtw8j5dyrJg/aXw3RMaG0jImN0a1sUjQPL+yXJsna/j9MwBta425uYy/3KTw/6QmOUceWZsU4/wCsMbcw+Vk2X4XlJU53/JS+OaXtE7Qoe27hZsYErWtt/spCP/xqdpe3fguEi7o3DnaF/wDgXFVD284uWF/tkbWc45Kdt/kEv/3hcaLi2nq4QRteBtvuVL8KOuf9Bfx5S2cTt9n0gOAXeGSqYwdO6ff/AJEaPt77ODvUw369w7/CuIKb6QuNGRsdVDSuedAe5Fj7wpGXt8qqeke+pZQwXHhPd6n0Fygf4VkvP+lf9nG+V/rOz5O37sxsQ6qgv5Uzr/8AKtTdsH00+DOEsOkp+FcMZjuKkW7yePu6eL12c4/q6eoXHvHHbXieN0ctK10VJDKbnumhr3N8yOq07jGLvnBPeXPNcXN8Jx4Z03Z1On6qORakn/bLt2i9u3FHHlfPLieKzTCV393idkhHQBjbAfepXh6CeThSFlYCZsxe1jvrAFVfsx4TZiJkxOrjzhrssIdtfmVbuJ6t1CwFmmTod0KjDF8sEbZTlkW5XaqntUnTUqSp2d2wAbpjDWx17e8aRm5jopSEtLB+ktUTDN+AlOySWcNAuSdls2gjGD4TECLSO8RVDwJjRWMc4XI1Ctk1aa6VkWwA2unxRmky1YBx9iFFMYYg2ZsjcrhJrYeVlTcVxg1VTOTbxPLtPVSQjbhlDU1RIzZMjbdToqRPXZJyTsjk9gIpXYKqlD5XEgn8E0GI+ItsQ0JdTUhzXFuhKi5w+ciOK+YpBpAYpXvq5RFH9UcwVB4xjE+GsEFO1xJHie1pJ9NlsbBeGaWhp89QRNUPFyDs0J1NhlE7/VN9wQONldxR2OfKiSrmlJEM2+xaVbOzTimt4O4tw7EmRzMEMgMjQ0jMzZw+BWzJsIoztG0JucLpbEtY1Klj1Ki1madnSHZBxJhtVX49Oa2BkVRVNljL5GtuC3zK2ZPjuGF5tiFLb/v2/wA1xAaaKMEWt6Ju+JrnaE2WF9LJcM1d+Mt2dxDGcOBv7dTa/wC2b/NGhxWjc4f1uA/+K1cJuiDB9YoTS4PIJtfnfdD+XkvJfcgzvuPEaO5/rUB/8QI7K6ldtURfvhcAgO2znTzSXSP/AEih7MvZNcT6CtqqbNbv4z/vhK9phI1lZ+8F89xLJf67vinmG1bYp7zkvbbQkmwKvsy9laonfbqmDbvWafrhDM8ZGkjf3guFsUqRipp46Jr3VGoc2IEA9LBR78KxhjnN9mqQ5ouRlN7K1gk9wHKK5Z3s+RjwAHtJ8ihPttuvnzJilTTusJpAb7FxXbPZVi7sb7OuH6x7jI91Ixj3E3Jc3wkk+rShljcVbBcl4LQ7ZBdcDe6MfRBkAKWDYKSztj7kFwIBRXsuNtUKTQ6i5VgApDYJGYg6nVKcdieRQnOs43+ChYRrjvY2WF+o3shZutx5L299L2RIU2JrKWOupJ6eZuaKZhjc3yIsVw12h8IycPcS1OHuactPK6PN5X0Pwsu6A7w2utL9unZ6cQkg4gpGB7o7Mqox9po2d7tk2Dp0VGVM10MPY3BoqYECNsbW6ctFr/HeFGhxf7TJEznlV6qMQZHGAd7aqBrpmVQcAdDyV665LimanxfCBTSHuqrvmDXxaFV6emqg85X+HkLrYuN8MslcXxeF3kqrVYHJE4glwsiUosKmivilqv0h71imRhr26d4dPNYjtAm7Ma7aOI56x7osYnjjvo2B+Ro9wT7CvpAcRw0z4DichB0EjgHOb7yFpyjvIXOc7yFihtmMb5DnsAul2MX6UZ45p1yXjibi6LFJzU4hiVVWzk7zEuP3qk4njgr5GxwNIYNrqGqpzUzfWOqd0bI6ezr+I8yj0wiqiilkm+WGfFJCA/mdd1kk7SwFxIPRJlnc+SzjZDMIac7ibDqiSI5D+kri5ljsNk8p8TdRyB8Z9W8iq6yrzPdbQDkEQzudrmsAteLLLG1JMTkipqmbBpsZZXR3YLO5tJRhNnB0AWvKPGHUtQCw2625q4RV7H0hkBJzBe36Lql1MafKODnxPE/sEqKkvqAy4IAuve9BAF9lCUtWHVchN7XtdOJakBps63Wy22rA07Eiax0RBY43TkzxVLbn82/q3YqGhfmBGa4J5o5IaD49ldoFwTHftclP4HHPGdi06hOYwyscxrycpFzmOtlBO7wAuE7WNH6RUnh8zDQ1Ezn3LGaE6X81nz5e3ik2MhjTkit4jiQq6uWS9tdB0HJQ1S/vH3tueSSZQ2RzXA6aElCkf4hlK+dZXqkz1ON6djoHhaBlDw1h8TPCe5a4+pFz96h+JyZ4ZQSdt014P4nZWcOwNc787CO6cCem3yS8Tq2Ttd4txzXFl9TO7BLTsa6biMuG1LshJ12PNWvBeJYpowC4Zhu0lVTGYr1DjoFDuldE7M0kEc7LRjyVyZMsdzeeEYtSRgzOkFyLWTx+ORyh3dvF9lomDiKop7XeXKYwzjGJz7VJMYGuZp/Ba4zT4MUoPk3FimNOiwamps5LpXmV1zyGg/FVuSpB1Lr+pVKxftGbVzN7iJ5axoYC/TQKMk4mrKgGxEd+iGUiQiy/VeIw00eaR4Del9fgq5Wcbx4fXQDKRE93iPMDqq4auSU5pZC8+aq2OYh7RiD7atZ4Qk696HVS3OjsOxRlXSskbJnaRo4cwivqBsD8Vq3gPiSnjwvuampELmuIYHg2t62sPertHU96xsjHiRh2c3ULTp2MTkk6JdzwT9a6GXC1y7VRjq7KbZjdINaHc7FCUSFQSR4Sm7nthaS64A3TX27oT6r0ymdhYTfMLHVAEmIfjFGf+kM+KScXori88d/VTmF9htdi9DFVxSRxxyjM0SSm9j6Ap836OleRc1FP+13jv8CS5R8sO0VePFaZ1gJmXJ0F04Dg526lMW7FKzh2jdVue2ojj1cYXklvnYtCi2WDbHcaaodpcF6jLi6W0Ai/JYGggk8l4XADe3oqomodSVwYxhiYIHt/1jCQT80uj4mxHDzI6Coce8AzGQB+3rfqVHueDzQyQToUcZuKpCpqM+SNxCQyS5nb3vddhfRxq/a+yvD26HuZZYz++T+K4/rsuq6n+inUmfgWtgtrDWO08nNBWbM9rHQe1G5HABCc2yeiFzuSTJSECyxWOI5zdyPuQX3OtrKQdTEWNj7kM0tze2qllEa5t90h9y633p/NSODL2PuTd1O43dYqEY3y2B1vpskWtsnggJbsUN1OWnndEJY2aSb3Fysnp21MD4ZWB8TwWua7Yjojhh87lLdHdttVYp2cw9svAsHB1dDLQOkbRVF7Me6/du6A729VraJ7ftgu811b2u8Mf0m4RqWsbmqIB3rNLm43HwXItTIYWP1s9hs4JjWpWaMcmyXEkB0eLqLr4Kc3JDbEHVQU2MOa02cSVE1OLTSnLmNkjdcDnuOKiWKKZ7Q/S/RYgR0bXsDnB7iedliZbJSIyCqMTHkHZeCYljtfrJi2o1s76qcGQCO9xZegs5I373JMbjTyRHVHMFRk1T+dtfnyTgyDIDqVQSsfNqs3MmyBXVcjmmxsEAO6boFXKQ3No0qF0EpZNNdSiy1WSOwN0wgm0Ol/NeOnLngE38gpbLH9KbHMd1L02Kvp2lhddp2tyUGxwAFtU3qawizWkk3W7peolhnaYnJjU1TLPh8rpMzgSMxT2WdsTSCczvNRmFjLStcXDr6JWYST5iS5e0w5HKNs5E4pOkStJK7UlFqarJHcBM4HEuDeqJUHPI2JpuL62WlOxQqgoRUv76dzixpuG8lM4XOyppql9gYnOLAORAUJjeINwzDhExwEkgyhOMGqRTYRCy+pBPvXH+KZNGPR7NGBanZVsWgdR1rwSTc3umwnAaQVIY/USVTn5WjvI+nMKAEptyv5rxjO5F2iw4HjhwmR41Mb9wFYDxMJG6vuLbqh99Yakea9irCDo6/ksk8V7m/FncFRZ62vE/meqj5ZGkBpO6ZtqWyjR2vQlLJLrHcdLLNpo0vJqRkkGbUEWQhTcr7FKyl23PovHNcwXLrok2hYuGJrXauuQnQmDASSox87WHU6oM9W5jL3sFG2yId1uJ91E4g26KtmUyylx+sTdKrKt0511aEFhJOg16hXDmwMj2o3D2WUZxDhTG6eM/nXlrLnTQggqwYPw9hbOL6mhY+qjp6Snb3gjnc27yfXoQo3sijFBw258zQRiNbFBE13MA6n71dezmiZVca8VzPY3MyVkYvuLEj8F0seSUVsc6UU2SMXA2GVJJhrcUiJ6ubIB+8CqZT4FilSMYLJo6kYfI5uXLke8C55C17BbwIEbLCwstbdnNYJZ+MapzgY/aHHLysA5XGSaeoBprgpkYqXUjKl0UkcJNs52v0uvY6shwDj71N9nFW7EOz3iNkpDmQZ3Rl2tvBf7wtXM4lmppy4OzB3UaJywLI2ovgF5HHlHZXAdc4cG4S5ga4mAXBPmVOtkcM0sjW5RrYLkLB+N8SdTCOnr6mFrNO6ilc1o9wUqzjHGj/06tJ/75/81ypRnjk00HSkrs6dxPEm4hguIR92R/V33uLfZK5vfVAG10EcU41NE5sldVua4WLXTPII9LqOD5d7G3olx1OVtDEqXJMipa4+XVYZgHbgA9VEiZ7Rq0pRleW3DSB6JtFEg94vukGTLe1rqPM79LA3XnfPJPhN/MKUQVVvzDqum/od1BmwviCmc4eCWF+XmLh4/BctS1GwIIPkt8/RS4oo+HMfxb8pVcNBST0o/OVLwxpc1wsATzsSk5INxdBw5OvoqbxA7BLngzDZViDtb4MkcGDiXDwed5QB8dk8rO07hKmpjM/iLDe7H6FS1x+AN1znDJ+lmtUSxpfCNNEkUl+VvVULFPpHcC4c4MGJSVRH2oIHED3myRS/SU4BntmxWSE8xJTP/AFH+XztWoP+mS4ey+PpAfCdfJAGH3a47KsN7d+BHjMOIIQD1hkH8Kx/brwCAQOIoDryjkP8KHs5lzB/0wW4+GWaPDiDYi+qDPQ5TtdVuXt64Hp2ZhjbH32YyGQk/wDCoDFfpLcGQSBsb6yZ5+yyAfi5GsGd76H/AEL1Q4svLqZjQ5ziGtAuXHQAeZWvuLO23gzhXNFPiraqdp1jox3pHvGnzXPPbr9IWs4vqZaLCpZaPBWDKIbhjpj1fYm/pe3qudsQxyaVzi+Qu8i5OhhlzIppeTsDHvpc8PQEx0mFVdU0jeV7YwfhdaQx3FKbHa2XFKSl9kpasl4gLs2S/nYLT0ElRiM4ZGwvc47La1XGKDh6mpxYSRxgb87apuhR4Bi1F7FTxanME5yjwu2F91IcN4fDNIHzEEX0B1smdZO2sgDS45m8lEDEZaN9o5MoHIlJcfQ1N+TbENHSujFmsI8wsVCoOKIxTATVMIff7RN1iXT9EtFFbO8l3IdSgzVUjtC7TySXygu11+4IL3NJ1+S7phoVEC5+Ynbon7KhsjLW20UY6bJoNPROqRuWMlx+VlQVDrvRq4HQclGV1Xm8JP8Aki1NQ2KMht9dlFh+Z93akqyIkGyCKEEmxXlPIHnOfchEOfubNRG2AGXZQIePqMkW6ZRzh8pJ1HmhVFTfRviJ+SDCXXNtTsiToFotNHXZogwHTpdPGTEGwVUjldHI0ggAdCrBSvzxgg3JXp+i6jXBRfJzc2NJ2S9NIY2ZyRdO4q1lO0vfbNyuo2N5yW2HMqNxeuIZlB8l3oTUI2zA43shFdiDsTxNoNsgOgW6uBMGE/DTXwwxGVzjmkfE14I00129y0ThQLpb2sOq3bw9O1mDUcbxT3y6CUEuBJ9DuvK/EMrm7N+OFKiA4q4TLBUYjHkZGHWdE3La17aa3sPRazrYfY6mSNw8QPNbbxqspRh01LJiDqZ0jDlgjcRGelwBqtaYs6DEMOZUOlY2qi8D2Ei5HVcRo243tTIJ0mt7b8kMyG+myDJWxxje6D7eDq1vLml0PHoqCBocpTqHFtmvOvVQoqHzENLbX6Kcw+gs9l4i8nyS5RsbCbiP2SPlYHNBIPOyRKXuNiSPVSgroqIBrjmIH1RoExxSuirYCABC4bOadQkPGx6ypkbO9lP4nuBPKyiqqqMzrAWb0TSrnDJT4s+u6CZySbFVoYTmg7iOR9yPSAvkFtGjdM2EucAH38rKQawi0bdDu4hHGO4mUjb2AYVJVT8M4ayrjjqmziVzaWUPEbBqXG2gdotxcJYc7DOKeJA8sLah8U7HDexBFj8Fp/sSkoMIdXYniL8hDe6ie7YDd33BXzsq4kdjWN8QV1RJlpppGiLPyAvYe4W+K26XToyXubHxScU1FNIXABjC6/LQLTPCuLjCuzHiWucQ11RJI1hvrdwDR95Wy+Oa+nouFMVnbK02geAA7ckWH3rQ+MCSfhzAsHw8OmnmaZpWsG2ptdXCNxZTkWfAKv8Ao52MYjVPNn1rnNjHrZn4OK02azO4jYX5q+dotbJheAYVgbZg6OIZ3MHpb7yVrXZ4N91rx3Ft+wJVJExQYvNhtbFNG8tcNCDqCFs3g2pwjF65kWMVdXStlPhlimDY2+twbeq02+QX19ylqDEzAxrSLjZE8ccj3FtuPB1Qzsewc0/ee3Yi4WzXbVAg+/KvB2SYM9uYVeIlmXNf2kbfurW3Zx2xy4PSNoMRc+ajj/s3MAL2A7gX3HkrxN2+YDRNsIK8dHCNhFv3lgngnjf2C1t8Gu+1vCRwXjVLT4fV1LqeelbNaaTMQS5wPIdAqXS4rXPGd1VI2LoTurR2ocd0PaDi1HU0bJ2Mgh7t/ftaCTmJ0AJ6qiVNWA4tabBqUkMjJ1uSw4jqZKm0chIG9zup2i4myxNZI+KOS2r3sLvxWuaarLJS69jfdJfXuFSRffqtGFxhK2rAyXJbbG1m1RqWZnVeccjHYD5IseItiFj4mjmTda5w/E5aVwdmu07t6qy0tc2doe0tPOx5L13R9jMvlVM5GV5YPdlqixgtb4HeHoltxiOQ3Bynp1VYkqbDQ28kiOrsb5tF03hh6Mvcn7LJiOKGQNI25ppDWDNYHU8lDVlURG0MGa51KKJMmVw3SnjjdIKM5VbLJW1ZjpgWk5rXsmEFcS7MXH4oVRWmWiZca8yo7vmkEFBLHTLjkfss0mNQU8Blc/UDRpPNN6urGGYIyrlP9Zrb5B+i3/8AvvVPkJnxGGnbpneBv5qa7RK0x1tNRsIy08Ib8f8A0C4PX5tPyI24I29TKzW1pmLifmoyGldX1YjY25JSpag2IJAPmnfDNSyPF4myEWebDyPJeWyPydmO/JaKTCocGhiy2Mh1c6ycYvXGaD6w1HJSNfH3mug05KArmnKRrb7lk1WP0rkg213czEO0P3rKqlbUt71ml9wmeItIN7bc0PDMVdFJ3UhFjpcokSgv5OiPL4hYjyytLyd/esVlWVVxAFydDyQJZS0j7kp31wgy/X9622Ioc07WFwLjbyuiyVjYmOAAt5poz8AkVH1h6IkSgcsveuzZt+iVGLkHcILtAV6wkA2KssdiXM6w5IrpO7ZqdSmlOfzh9EuqUIAe4F51sURjyw6c0EgF2ovovfs+5WQO+QA6Xv6qXwSqLyGEbqEi1+Ck8N0kb6rZ0k3HIqM+VLSyxVFQ2Fts2vQqArKjvZCLiyfVxJay5v6qLkAzjRenz5GoUjmQSciTwsAW9fRbBpMfbSYS2NtHKZWs/vBaHBvppp71QKA2a0jQrZmNSvpeFMMbC90LZB4xGcod623Xn+odUjYlYzxOvqn4C6U0EoaYspc8syWta+2Zahq4y8lx0uea3ZxDTQjhKZ3dMzNbcHKLg3C09KAYXaLFD5mxkCK9nzbm/msMIvoSB0RH6O00Xo1YEzQh9scYZTGSoZc3a03KvEcE8FK2SKO7XjUjcKr4C0HNoPgrlmd3TRc2sNLpMlTCTISppPC57g4uGpJ2VVrJO9kdyG1lesZ8NC8jQ5TsqETchClbLsbugDwGgeSkabAh3Fzo8jmUKjA9oj05q01DGimb4Rt0QzikWmVimwp8d3vtGNhm5lXfh3hWhoKGLE8WqGPjf4gz7Pv6nyUDjIDY6Swt4Tspuv8A/h9Q/wD1H+JOw403bFZZtIPxNxzDicLcOw2m7mnJDQ7QE+QA2WzeFsNGAYJTwxizrZpD1cdSufqP+9xftD710fGb4a39gfcuhJJGRtor3aDjbHcPup857yWRrQBz1ufuWuKPiVtHic7Zs5hdH3BfEbPYLbhTfGzia2iBJI8Rt71rqoJ9pfr9oqtKQUW2ib4qxemxF9OymMkkcLMveTnxu53Kr7H5tLfNZOgNPj9yoJPwEc/K6xPh+5OYnEx+iYHl6FPKI/myhD8Elh1S5j+oPkpqKpGSzxmYRqOSgsP/ALQ+ikZCdr6WWzE7i0xEhMswgjcI7Nao32gyZiT70WtNo0yb/ZriSS1MfHdWxDZQ1xF9b80mZwM3IaaFIk0efVIlJzt1QPYcSMM2Rurr2TuhxJ9LKHX8J3CjI/rBGWjFllikpRYrJBSW5aYq3v25gQR5IrJbNOpN1B4eSHWB0spAE93uvY4OollgpM40sai2iQiqM8dnHVqMyYyAE6k81FQ/Wcn1KbwFbItsQ1RLsnElK0bEeaaVmIQUcJLvrW09Uii+o5QPERJcNSjyPTFsQlcqJThCofinFNO/IMkd3uPTTT52TfivEvbsbrJQSQX5RpyGn4KS7Mx/Xa08xG2x96r+I/3yf9s/evCdTJyk2zvY1p2RGvlIP6I5c14yZ0cjXh5uDfReS7ILea5rVm2JtPAMbjx3DgdO/j0ePx96FXxXDtNCqdwU9zMXaGuLQbg2O+iuuI6sK5slTNq+kq1ZCPEN/NQNUzK8kGynsRJA96g67+zB53VxZdnkWIFjLO1KxNisR2Q//9k=","2021-05-03 10:33:03");



#
# Delete any existing table `tblblotter`
#

DROP TABLE IF EXISTS `tblblotter`;


#
# Table structure of table `tblblotter`
#



CREATE TABLE `tblblotter` (
  `id` int(11) NOT NULL AUTO_INCREMENT,
  `complainant` varchar(100) DEFAULT NULL,
  `respondent` varchar(100) DEFAULT NULL,
  `victim` varchar(100) DEFAULT NULL,
  `type` varchar(100) DEFAULT NULL,
  `location` varchar(100) DEFAULT NULL,
  `date` date DEFAULT NULL,
  `time` time DEFAULT NULL,
  `details` varchar(10000) DEFAULT NULL,
  `status` varchar(50) DEFAULT NULL,
  PRIMARY KEY (`id`)
) ENGINE=InnoDB AUTO_INCREMENT=27 DEFAULT CHARSET=latin1;

INSERT INTO tblblotter VALUES("10","Joe Rizal","Nora Selos","Joe Rizal","Amicable","Pob 1 Catbalogan, Samar","2020-11-02","00:30:00"," Sustento sa Anaak ","Scheduled");
INSERT INTO tblblotter VALUES("16","Tiboy Tibo","Maria Advitos","Tiboy","Incident","Brgy1","2020-11-06","23:35:00","  Di alam ano pinag awayan  ","Scheduled");
INSERT INTO tblblotter VALUES("19","Girl Topak","Boy Topak","Girl Topak","Incident","Manila","2021-01-13","11:11:00","Mga Topakin na Pamilya","Active");
INSERT INTO tblblotter VALUES("20","Kayzel","Mario","Kayzel","Incident","Quezon City","2021-01-07","00:12:00","Iwan Ko","Settled");
INSERT INTO tblblotter VALUES("22","Juan dela Cruz","Peter","Juan","Amicable","Manila","2021-01-01","22:16:00","   ayaw magbayad ng utang.. hehhheee   ","Active");
INSERT INTO tblblotter VALUES("26","Ron","Cajan","ROn Cajan","Amicable","Looc","2021-04-30","13:09:00","Donec sollicitudin molestie malesuada. Curabitur non nulla sit amet nisl tempus convallis quis ac lectus. Sed porttitor lectus nibh. Vestibulum ante ipsum primis in faucibus orci luctus et ultrices posuere cubilia Curae; Donec velit neque, auctor sit amet aliquam vel, ullamcorper sit amet ligula.","Settled");



#
# Delete any existing table `tblbrgy_info`
#

DROP TABLE IF EXISTS `tblbrgy_info`;


#
# Table structure of table `tblbrgy_info`
#



CREATE TABLE `tblbrgy_info` (
  `id` int(11) NOT NULL AUTO_INCREMENT,
  `province` varchar(100) DEFAULT NULL,
  `town` varchar(100) DEFAULT NULL,
  `brgy_name` varchar(50) DEFAULT NULL,
  `number` varchar(50) DEFAULT NULL,
  `text` text DEFAULT NULL,
  `image` varchar(200) DEFAULT NULL,
  `city_logo` varchar(100) DEFAULT NULL,
  `brgy_logo` varchar(100) DEFAULT NULL,
  PRIMARY KEY (`id`)
) ENGINE=InnoDB AUTO_INCREMENT=2 DEFAULT CHARSET=utf8mb4;

INSERT INTO tblbrgy_info VALUES("1","Samar1","POBLACION KALIBO","BRGY KALIBO AKLAN","0919-1234567","Mauris blandit aliquet elit, eget tincidunt nibh pulvinar a. Sed porttitor lectus nibh. Curabitur aliquet quam id dui posuere blandit.","09052021075440182970012_615550183178722_2776607156578360582_n.jpg","03052021033434brgy-logo.png","0905202107542630042021035316lgu-logo.png");



#
# Delete any existing table `tblchairmanship`
#

DROP TABLE IF EXISTS `tblchairmanship`;


#
# Table structure of table `tblchairmanship`
#



CREATE TABLE `tblchairmanship` (
  `id` int(11) NOT NULL AUTO_INCREMENT,
  `title` varchar(100) DEFAULT NULL,
  PRIMARY KEY (`id`)
) ENGINE=InnoDB AUTO_INCREMENT=12 DEFAULT CHARSET=utf8mb4;

INSERT INTO tblchairmanship VALUES("2","Presiding Officer");
INSERT INTO tblchairmanship VALUES("3","Committee on Appropriation");
INSERT INTO tblchairmanship VALUES("4","Committee on Peace & Order");
INSERT INTO tblchairmanship VALUES("5","Committee on Health");
INSERT INTO tblchairmanship VALUES("6","Committee on Education");
INSERT INTO tblchairmanship VALUES("7","Committee on Rules");
INSERT INTO tblchairmanship VALUES("8","Committee on Infra");
INSERT INTO tblchairmanship VALUES("9","Committee on Solid Waste");
INSERT INTO tblchairmanship VALUES("10","Committee on Sports");
INSERT INTO tblchairmanship VALUES("11","No Chairmanship");



#
# Delete any existing table `tblofficials`
#

DROP TABLE IF EXISTS `tblofficials`;


#
# Table structure of table `tblofficials`
#



CREATE TABLE `tblofficials` (
  `id` int(11) NOT NULL AUTO_INCREMENT,
  `name` varchar(50) DEFAULT NULL,
  `chairmanship` varchar(50) DEFAULT NULL,
  `position` varchar(50) DEFAULT NULL,
  `termstart` date DEFAULT NULL,
  `termend` date DEFAULT NULL,
  `status` varchar(20) DEFAULT NULL,
  PRIMARY KEY (`id`)
) ENGINE=InnoDB AUTO_INCREMENT=14 DEFAULT CHARSET=utf8mb4;

INSERT INTO tblofficials VALUES("1","Peter Guevarra	","2","4","2021-04-29","2021-05-01","Active");
INSERT INTO tblofficials VALUES("4","Marlon A. Lorio","3","7","2021-04-03","2021-04-24","Active");
INSERT INTO tblofficials VALUES("5","GARRY A. RAFEL","4","8","2021-04-03","2021-04-03","Active");
INSERT INTO tblofficials VALUES("6","TRILLION LOWRY	","5","9","2021-04-03","2021-04-03","Active");
INSERT INTO tblofficials VALUES("7","MELANIE M. ELBOR	","6","10","2021-04-03","2021-04-03","Active");
INSERT INTO tblofficials VALUES("8","ERLINDA V. VITUS	","7","11","2021-04-03","2021-04-03","Active");
INSERT INTO tblofficials VALUES("9","JOEDAVINCE","8","12","2021-04-03","2021-04-03","Active");
INSERT INTO tblofficials VALUES("10","ALEJANDRO A. CAGAMPANG	","9","13","2021-04-03","2021-04-03","Active");
INSERT INTO tblofficials VALUES("11","JOSEPH P. PARDOS	","10","14","2021-04-03","2021-04-03","Active");
INSERT INTO tblofficials VALUES("12","RUTH A. BACAG	","11","15","2021-04-03","2021-04-03","Active");
INSERT INTO tblofficials VALUES("13","DIANNE A. CURRY	","11","16","2021-04-03","2021-04-03","Active");



#
# Delete any existing table `tblpayments`
#

DROP TABLE IF EXISTS `tblpayments`;


#
# Table structure of table `tblpayments`
#



CREATE TABLE `tblpayments` (
  `id` int(11) NOT NULL AUTO_INCREMENT,
  `details` varchar(100) DEFAULT NULL,
  `amounts` decimal(10,2) DEFAULT NULL,
  `date` date DEFAULT NULL,
  `user` varchar(50) DEFAULT NULL,
  `name` varchar(50) DEFAULT NULL,
  PRIMARY KEY (`id`)
) ENGINE=InnoDB AUTO_INCREMENT=11 DEFAULT CHARSET=utf8mb4;

INSERT INTO tblpayments VALUES("5","Business Permit Payment","7000.00","2021-05-19","admin"," Atrium Salon & Studio");
INSERT INTO tblpayments VALUES("6","Certificate of Indigency Payment","3500.00","2021-05-19","admin"," Ronil Gonzales Cajan");
INSERT INTO tblpayments VALUES("7","Barangay Clearance Payment","2500.00","2021-05-19","admin"," Ronil Poe Cajan");
INSERT INTO tblpayments VALUES("8","Business Permit Payment","3500.00","2021-05-18","admin"," Atrium Salon & Studio");
INSERT INTO tblpayments VALUES("9","Business Permit Payment","7000.00","2021-05-18","admin"," Atrium Salon & Studio");
INSERT INTO tblpayments VALUES("10","Business Permit Payment","7500.00","2021-05-18","admin"," Atrium Salon & Studio");



#
# Delete any existing table `tblpermit`
#

DROP TABLE IF EXISTS `tblpermit`;


#
# Table structure of table `tblpermit`
#



CREATE TABLE `tblpermit` (
  `id` int(11) NOT NULL AUTO_INCREMENT,
  `name` varchar(80) DEFAULT NULL,
  `owner1` varchar(200) DEFAULT NULL,
  `owner2` varchar(80) DEFAULT NULL,
  `nature` varchar(220) DEFAULT NULL,
  `applied` date DEFAULT NULL,
  PRIMARY KEY (`id`)
) ENGINE=InnoDB AUTO_INCREMENT=6 DEFAULT CHARSET=utf8mb4;

INSERT INTO tblpermit VALUES("4","SH Food Group 1","SH Food Group 1","SH Food Group 2","SH Food Group 1","2021-04-30");
INSERT INTO tblpermit VALUES("5","Atrium Salon & Studio","SH Food Group 213","","Atrium Salon & Studio","2021-04-30");



#
# Delete any existing table `tblposition`
#

DROP TABLE IF EXISTS `tblposition`;


#
# Table structure of table `tblposition`
#



CREATE TABLE `tblposition` (
  `id` int(11) NOT NULL AUTO_INCREMENT,
  `position` varchar(50) DEFAULT NULL,
  `order` int(11) DEFAULT NULL,
  PRIMARY KEY (`id`)
) ENGINE=InnoDB AUTO_INCREMENT=17 DEFAULT CHARSET=utf8mb4;

INSERT INTO tblposition VALUES("4","Captain","1");
INSERT INTO tblposition VALUES("7","Councilor 1","2");
INSERT INTO tblposition VALUES("8","Councilor 2","3");
INSERT INTO tblposition VALUES("9","Councilor 3","4");
INSERT INTO tblposition VALUES("10","Councilor 4","5");
INSERT INTO tblposition VALUES("11","Councilor 5","6");
INSERT INTO tblposition VALUES("12","Councilor 6","7");
INSERT INTO tblposition VALUES("13","Councilor 7","8");
INSERT INTO tblposition VALUES("14","SK Chairman","9");
INSERT INTO tblposition VALUES("15","Secretary","10");
INSERT INTO tblposition VALUES("16","Treasurer","11");



#
# Delete any existing table `tblprecinct`
#

DROP TABLE IF EXISTS `tblprecinct`;


#
# Table structure of table `tblprecinct`
#



CREATE TABLE `tblprecinct` (
  `id` int(11) NOT NULL AUTO_INCREMENT,
  `precinct` varchar(100) DEFAULT NULL,
  `details` text DEFAULT NULL,
  PRIMARY KEY (`id`)
) ENGINE=InnoDB DEFAULT CHARSET=utf8mb4;




#
# Delete any existing table `tblpurok`
#

DROP TABLE IF EXISTS `tblpurok`;


#
# Table structure of table `tblpurok`
#



CREATE TABLE `tblpurok` (
  `id` int(11) NOT NULL AUTO_INCREMENT,
  `name` varchar(255) DEFAULT NULL,
  `details` text DEFAULT NULL,
  PRIMARY KEY (`id`)
) ENGINE=InnoDB AUTO_INCREMENT=13 DEFAULT CHARSET=utf8mb4;

INSERT INTO tblpurok VALUES("1","Purok 1","Tikang Kanda Babon ngadto liwat kanda Babon");
INSERT INTO tblpurok VALUES("2","Purok 2","Amon ngadto ira");
INSERT INTO tblpurok VALUES("3","Purok 3","afawewqeqweqweqw");
INSERT INTO tblpurok VALUES("4","Purok 4","dsfdsf");
INSERT INTO tblpurok VALUES("5","Purok 5","rewrew");
INSERT INTO tblpurok VALUES("6","Purok 6","rewrewr");
INSERT INTO tblpurok VALUES("7","Purok 7","rew");
INSERT INTO tblpurok VALUES("8","Purok 7","rew");



#
# Delete any existing table `tblresident`
#

DROP TABLE IF EXISTS `tblresident`;


#
# Table structure of table `tblresident`
#



CREATE TABLE `tblresident` (
  `id` int(11) NOT NULL AUTO_INCREMENT,
  `national_id` varchar(100) DEFAULT NULL,
  `citizenship` varchar(50) DEFAULT NULL,
  `picture` text CHARACTER SET utf8mb4 DEFAULT NULL,
  `firstname` varchar(50) CHARACTER SET utf8mb4 DEFAULT NULL,
  `middlename` varchar(50) CHARACTER SET utf8mb4 DEFAULT NULL,
  `lastname` varchar(50) CHARACTER SET utf8mb4 DEFAULT NULL,
  `alias` varchar(20) CHARACTER SET utf8mb4 DEFAULT NULL,
  `birthplace` varchar(80) CHARACTER SET utf8mb4 DEFAULT NULL,
  `birthdate` date DEFAULT NULL,
  `age` int(11) DEFAULT NULL,
  `civilstatus` varchar(20) CHARACTER SET utf8mb4 DEFAULT NULL,
  `gender` varchar(20) CHARACTER SET utf8mb4 DEFAULT NULL,
  `purok` varchar(50) CHARACTER SET utf8mb4 DEFAULT NULL,
  `voterstatus` varchar(20) CHARACTER SET utf8mb4 DEFAULT NULL,
  `identified_as` varchar(30) CHARACTER SET utf8mb4 DEFAULT NULL,
  `phone` varchar(50) CHARACTER SET utf8mb4 DEFAULT NULL,
  `email` varchar(50) CHARACTER SET utf8mb4 DEFAULT NULL,
  `occupation` varchar(100) DEFAULT NULL,
  `address` text CHARACTER SET utf8mb4 DEFAULT NULL,
  `resident_type` int(11) DEFAULT 1,
  `remarks` text DEFAULT NULL,
  PRIMARY KEY (`id`)
) ENGINE=MyISAM AUTO_INCREMENT=181 DEFAULT CHARSET=latin1;

INSERT INTO tblresident VALUES("171","321321321","Filipino","18052021113447Screenshot2021-05-06183815.png","Ronil","Poe","Cajan","FPJ","Metro  Manila","2021-04-05","1","Single","Male","Purok 2","Yes","Unidentified","19512659595","cajanr02rtrt22@gmail.com","IT","310 W Las Colinas Blvd","1","dasds");
INSERT INTO tblresident VALUES("169","","","data:image/jpeg;base64,/9j/4AAQSkZJRgABAQAAAQABAAD/2wBDAAMCAgMCAgMDAwMEAwMEBQgFBQQEBQoHBwYIDAoMDAsKCwsNDhIQDQ4RDgsLEBYQERMUFRUVDA8XGBYUGBIUFRT/2wBDAQMEBAUEBQkFBQkUDQsNFBQUFBQUFBQUFBQUFBQUFBQUFBQUFBQUFBQUFBQUFBQUFBQUFBQUFBQUFBQUFBQUFBT/wAARCAD6AXIDASIAAhEBAxEB/8QAHAAAAgIDAQEAAAAAAAAAAAAABAUCAwABBgcI/8QAPhAAAgEDAwIFAgMGBgICAQUAAQIRAAMhBBIxBUEGEyJRYTJxFIGRByNSobHRFSRCweHwYnIz8RYXNEOSov/EABoBAAMBAQEBAAAAAAAAAAAAAAECAwQABQb/xAAzEQACAgEDAgMHBAICAwEAAAABAgARIQMSMSJBE1GBBDJhcZGh8LHB0eFS8RRCI1Ni4v/aAAwDAQACEQMRAD8A+FdNelWLja4OJxIqjUazzD9OTkqBwfmpLbCMCxBOQDORVSMvnS7MVKkbpAkfbvUdZtxBSs/b5kTQ97gO0PtpaVVnMDdAmKJtNbZ1BnafvxQelKveIIciPjNNLWy4lwsu3H+9BHZWG5t13+VKNbCwK9TNgKLptpJRew7n3px07y524IjJPY0vU27TAztMSIo3p54LFjOSAAAPvSq24k94hDKvn+/rGWrIOkbBaQNoigx+80Sf/wAYzI2zmidZL6baZUcgrQly3+4WWb0nAmtzLiyeo/G/6+0NBjZEJ0a7VwzEj3Hb7VdeMLM9jkjj8qp0rrhiPV9xIrNTdX1AEAxiT802nZvcIQSvGBBbjh7W0g/OD/agb4Z5O2J5Wri+8OFYCPq4qq8ot3C3A4iImu8MOAL48smLfSVr87fScf463JoAgHLAHBrkF1cWTYEwTgETmvQev6BepaU22ySJk+/b+leb3dJe0+sNpvSykD3kfFYnQE7pPbsN/npGupAXTZ3AbfpAoGyhO0KAJ4BkGjdYp8nJYTxQdvKkDaJMnvUVIXuftAzbrsSy1tVhgn5iqdXqbdu3tt79wOCBE1Tqb77So+xaINAqISZ3feqBRu5zELYxLTfFtEJBNw+o+9O9JqLOqtJtkNEFYrnLkBpEz/EeaK01xrF5HUxBBJjmqEAkXKFyoBMeatLem028FiZ7iKUnqdtSQFPbtMU1644vaBbiNIMfoa5rbuQ5jNdqAXZzOZ9+R+8a2upWwCPUoJ+qTiiLHUrKkFrjYzikKqWHpJC9gKntAUCJPNcTt90x1ZmayJ6D4Z0Ddetuy3DsUxjBNHarwvdS5+6vNvUQNxkVn7NlOn6SXIjzLkgd/aus8lzvbaSxaJn5qw0QELH9aMuiqcDE4m70jqMssFhEyDmq10+qtAb7TkEkfSYkV3iaW41zcfTtPb+1FXdOFNveoZCeCvFL4ZwQ1xdtYPaeeHSaxj6bDERO0Dmr1sasx/l2YmIMfyruNLpXuFiVGxdwX4qY042oV+oGTWkICQYVUnPaee6o3dNdA1Ft7RIwOKss6tF+kmIg4qv9onVynVrVnHoWTjkmlPTNS1/LEQQYEUFARywJvtJBiCdvM6K3q9sQ8KPmrbPWkW95aNDHhiOaUoUAAZDJMgRihba7+oW2wIMwODWrqCijnvIt1ncwnYafrLgbPNdATJkwJ/KvV/2LeLG6Xrbqm4VBjMxP5V4WSt7CvmeBxNdT4P1Oq0fUgU9aQZ9+a06RGtgNKjUIUWuJ9IftT8Zf4h4U1FoXGZiuAtfLmt1m5LjMpkCAa9F6/wBcuajpdy3cLqu2SD3ryp9UTebKkT/Kn1g+kdqmUOqGgWqu7TB3KTIMf1pVq3ctKscng0w1fIyCQcEUq1IhI2gAH2mvn2J35PJiUUYgis/neDDVNH1R+VR85lTDNP0gkdq1dMFjHmEHJgRNUsWKkSy/EYpNWz25+v6SRcFvjMvMVsw0hfcUI9wW7k7jEdwauZk8sg5I7YzVF5YcLESvY80pvhmMFNYyR6yJZSdwLZ5rQRXKxuCjGaiHJYqJIjueK2i7ixYx7RUyKETUtjzJ+STnY2fkVlblv4T/AP1rKS3jb/jPQvMa16phWPpk5j86haNs3QeLaiSY4oA3nslnYk4gQAaIt603XS3t2hjlj7VdyBtG6senqPOMwPui8nnyh9nUqNQWhlXmWPajE1hvsqhSqn6jiKThit4KkMIMndNM9PqgjoWIIHKmMGq6R6CTVev819oQ9jay16XGdmLpZGUsYMDiKM0Vy3buDc7QMZHMihNMzXrxYOArDIBj9aJebOrQMy5SMH/ijpttO6xtMG0A4EcNsu27Q3Ex39qpvoGViCCPaYn5qq5ef8OoVRsHGAKru32ZeJZcQSP+mtCkLuKyu4gkNwIRYvqgb0tMQCoqWpvJbG45IXIOYobTF0gbjkgmR/KKn1Ik2mVuw4AycYqb7dpNn63/AKnaQsnEAGqDXN0kz6oMCtau6jOzcg8cVQgW3b3egGODzULqhXILLn271Jbvn7ybkr7o5gmvugooGCPtn8q5TqKWtxuEBjxERFdR1AMV3Ak4jA9q53XsUtg4g5z2NLqFG2g8wMzOa4irUsFtnJx7UOlwBsTH+1EaxmuWgNo5mcZoZrjbHY5GIqTXfEmSDxj5xVqXBcld0k9hWpAVpED4rJM7gAFqKs+5hCx7mqjq7xGBvEjcxE5q1HxkAfzmq23jMhfyqdmUXB5NOpr3hmObPMa3Li3OhKDMIwX2pS6godoOD7yKO8x00FxDBG8HNBh2ZCABE0rFrxmAg95WhRezAfIqw7BBmB71FQ24DAX4OTWyG2jCgDI9qJIAlgFJxPXvCxtWfDOkuIQ2I/ORXVWgbrKwU7GiduQTXnfhHrzP0pNKAiW7TBTB9RJ716d0S4LulWOdsiOa2pqDKmX03APuzYtrbv8AAUtwdtWXLJa3bksQrCZ7VLUpuvWDAg+kA4NGXj/lbaBhc9YwMmnDMVyahJYj5xTpFCJf3CPVxEzVKBbtgLB3LJiP5UXp1dW1fqAAYkA/aqtn4ewHAWdvM4mu03rA7zStaaZ7zxrxy/meItQc7RHHY0D0bUsbmxgRiQa34s1I1HiDV3EYZaBtNC9Idl1IBaSKwjVtyxE83cdxE6IX4YQwMnE5GKywyLfDEFmAIA/Ost3HJC8AZgx71VY3XQrs0bHPPE1o8QAUe/5zK6iFqI5lzacNeDW2KCfURxXXeCtc9i6phWAMEkCa5IXSUZd5UkT2p94a1L6W6sfTk4iuGvsWwMj4xtKnYV258v7nb+Ler210frUqCsERXleqay1w7dw3cgESK7XrusOrsjeZMHJrzzWWW3vtYoefgUg9o1GUFjX3ja2mFex3ll83URYh0HY0tfWKW9QZAcZqx7mpsrDjzFOZ/vQNy/uUnCdopPGVmsDj0mQLZ5+ok/MTYsNn2jvWnu+YrAkgDJJMf9/KoMEYSCBMcCqbwuKIRxIPLVBgG1LY5Pe45Uk5H0kbjBADJI+IzVN28MOASRgg8/yqq/curaUtIDEiYmaqL3LkLiOAo5BrmG4WxuoNQ9VXiEm7gAKB8jmtJdVCwO4z7cVBFcTIggZ3Gq9zEQGHE1PFVJkNZxL/ADR/Cn6VlVjTkid//wDmspLTygoTuGL37xRQNoyDHNSRWa6CylUXkj+lXnVG24ALEE8sJJ+1CNfe0twSQT6oGZp2JDHt+806jLlWMu3paeUlRtMCrun6gQ5dobOBMc0sVroMNuKkZnt80x0jNuAWe+GzimQlQNr3EVSygiOunXjaRgGBgfmKbWb63EbfiFneAc0jtfurQZlaSOSf+KYaZhY0wtKQQ+Z4NNvIBAOYy7QevmGWNS2wl3xwG96L0jOzFm+lBE0kuC49uGYQGEKDEinWjgW4gkRk+9U37RtYx1yQVMKS4EuGFxMzUNeWO4zmPetW7ouuVEbZP5e1U64lnJLnbHE02mb0284g2gntA0ggAyGj9RQWpuxclt0D00WVdjwdh9xFBtbK6gxuI7GoszhLY38IpONpOJTqb4KHBgYmP5Uh12FcwdkZinutusQeZ9jxSDVOdjD1gQcAUtZ2gUYoO0GxFGquQAvb+IDNBao+VYJDTjIozUKZE894E0LrCx0xIA3SIMcYzQZiTj4SdjbmrigEEQSV94rFuxgMQAeCK0CysCRuBPxUgXKgj7RFNu7QAHvNtJEYP5VhYrtG0e81tQdskRWzchgCJHH2qhLKRnMIyLJk/ML22UCQYkGstt6B2Bqu48LyCZ7CtG4SqqDEGT7UNR9xwZzndgDM2tze5xEVhcldsmRxWtpU+5OaiDtIkZjtQoVUuN7YIxHPhksepIstBUyAa9r8LXmGmy369prw/wAOXtnVbKgZJIMH3Fe2+GWM21DKwdNpI7EVXRtTmUQkcCdH1BQ2ms3NsQ47Vp7QNlBJncJCmi9Yk9I3YAEHOe9Vom9F4KzMjvVRS7vhLMbI8ov0q+ZdvGSY5xS3W3/w9q/9QRLZJJx7080thg2q3qSNxP5RXO+J7rp0zXkCQtorIGcCuVVZAD9YzkbTtng+qvl9XcJJMmfer+j3WTUxJgiKBuZYsAY94o7obkasYn8qyqgIOZ520k0vM6bTqbtzYCN57/FL+mFl89HaXW6T/aifMu2pvqdhU4g95NVaFdRqNTevvbAVzCqsZ+a0LR6SZc+XeWtdVGWIIB+00botQyMdhIkxjEULqR5Zj6TOB7/fGKlYFxjKiTBEAQPziqaaLqsBfM46gQAxvqNa7QpnA49xSDUa1NRfa2sD4PxTnqnR9d0DUDT6wqty5aS6McBhIpT1Dpv4XpnTdWBD6gOxYnmGjFX9p9kC7ipqp2prDVAoZgjseRAIExnFC31F5B6STyxgUTcuORIMd4bNC3bkqDuk/wAI714rODjmopBvnj4QNrYQsBgnNDM90rAO5vmr7gdgCTicSOagSrbS6krPvT11kniI5s4NSJVm0p3ElO33+Kru6VrM3LY2m2RK9+OaYaO22pu21AhA0kdv0plb6c2o6h1GwwgjSFwI/hz/AHrRa+DY5kVZrAOZz2lvfizcUsUYiRPBqBVkZvSGUcGeahcT8JqkIlkMEGOfenej0wvHVacIdzJKGDz8VlPJEuSioGAiHcx/1gfG41lUm7cUkHBGD6RWVcaLQ+Gn+X2H8z0XU6pTtYMQqnCHtQ2nKveVlJ9Myx7VWzHaxKgwJGO9Ss7t6ww2nnHesxZWIB5EXVZioU4uXXWyzLIDeox2q/pi77pmAsYX/oqooWgg5Ck8HmrLIC5Ebo7UFNk3WJRQWUKTHNuFRluSx/0iMVdoSH3SYVRIzEULaJxIG4jlV4qdt3tZBhSI4k1TlgxwDJAPZVbr0hqXVa4m1gD74kU1tMtlNqzBE5PNIFI8xPT+kz/tTQ3tmn3buOJXitivuo4zn7HiMtJjvM/E+XqXBBg95ioXtYrqcGDjmg3uh7yszgSfbmoXGVrhIJ2weBWIOTZr6/z3MmoLG4Rp9QrA72KgdweaHXXhtVcXkHIM0OrKFPpnMRFLtU+y4WBAI7wc1wcM1MK/PnODgCvnGeodb4JGG7r/AM0m1NwOpEHmTmtvriGJPccAfFC3tWLwgrBP5RWq1JLbvnOcEHJyIFqm9SyGP8qF1bltJcnM8AdquvrDmJgZqFqGYKSY+Vms/TwD/UBcVkznkBN36SDPtRAtOV9IIByAaY6dFu9SuFFHoH2p9Z0qhEH1H7c/FMCpM5Rusg4nJLp7m4Dy29hAo8dE1XktcFoiBxya6RNON0kADnI4ouxZZQSB6Yz70x1aArj94wXNieeXFe2+11IIxB5rCRH0mJp94uRLV+0UUAmZ/vSE5x2NI17sztp3yLHyxIwSe0GtO6kCSZ+1Yp9RByfbNQuSo7c8RToB3hLXxGfQri2+qactg7hnAr2Tw9duWblreNoneIPY98V4j09wupssYMODBEHmvXOk3L9vqemk/ub6Mi/+JGaYahXU2zRpqdvM9Wtr+J6KSRnYSI4qrSgXtMhJAJ4AOOKs8NMdX0ocSVI+1b6aIshRJgkcVYFVBo3NHuiwblGlRrf4lyGJ3mPbgVynjy+NJ0PqDEZa2ZNdpfXy0udlY5E15r+1TWC10HUAEqWZUGOf+xTbsELUg2BPErjMoYkkTk0x6HcH44BQxAA+1LnliJM+00w8PL/nyAZEe2eayKeCMmZtMFc9p0F02rtvZcwrPtECDk0Ze6Xft6+3+GgW0GC559sUFrE/zOnQna2+IIxXTOgt3yJAA96YuABZx3mi+nd3lHRPBdzrPV7KazW3P3tyCbKCRXoP/wCiF3T2g+n190EeoPctTMZzFc30TUtZ6lpzbdQ+6AWxBrq/EX7Rdb4X6dYtpe80MILNkn9aqmqqdR9KnDS/8RxUC8Z+AvEPifqX4pr2muXVspaAINuQqxNcJ4g8C9f02k6dp205unTqw2q4iSxOKj43/aZ1Lruosqmo227ay23gmMzWeDf2i9R05t6dlTUIuALwECecmi3te8OK9/n4fLAkV0tNiFGDOa1XTer6VCL/AEzUooyWCHNLLyPbh7iPaVjILKR+tfQXXP2g6fU6FrVzpunsbbW3z7LSSft3rgdZ4m0j6bzbmmtPbZobzAGO33HzWQUDY4+82HQAG6/WeZmRAZjtPH/FV3VY3AUX0j5x+ld3fPQNfor1621tLwBKIEIiuKuqouGGLg5JiJrhqWDXNzDqocKDZMYdH3KQQPSJME80ZY1Z0/jDRlm9F5fKMnJBBH+5qvpNhbenLkmO0e1Lev6g2ep6a4mChESM+9etqEf8ZVIGMzJpOV1xM8S6BdIAoU77V1rbEjtODV3SNTvvWGJ2tctwB8inXje2uq0Tam0Bct3US6WAODGa4nQ6v8PdssCSyPIHx7V442sb/UT0tUFS11nNTrW8N6S6xeGG47ole9ZSxr2susXDhQxkCeKyq2n/ALD9P/1M/h6f+JjR2LFtwI3H371dpQEMqScH0hsE1TctiS6mADjmpSVVXO2BnE1m8YE7bqPqLYvuITaJgiPS2ZJGIq/SsHV/W0yMD75NK4uM0oRsIkQDzTLSOvmBQRtIhjEZp3G47R38vyowBVaAjXz5MBm47nms0ZfeJO31SF9xWltm5lLimD2HH3q23bNtlckBx3rgrJSqcfECTzybl6DyrzushFzB7n4osub2laQUxge9VOPMthpMvywH+1ZfVQotkhJEZkj9KoSiEUf2nbKJqC7NlwAjCnkkVjOCSgwYyTjmq9SoW4AWAMjiYOMVnlbgwMmB7TUx3JPNf6ibyCKFSgsCQQW+qeeKXai8A+W3YkAZxRl0lgQrggdtsRQL2gbigiPuDSZrbAx20SJVdbYpHMiQW4+1Am4C/wDC3eKZPpyilCygA9xSvUWRMhonkxTqVVjurPwnZNlhRMhqLgZgTJ+astqFG7IJxIqFkMzEEiAD/poi2oukAkyfYc0b71A1brX+pq1Zt8i3BMAkd6aaPTtatZUkEzAPFBWFhhOecFcGmVk4I3BRERBxT6YBbOPKUsciXbFuqCVgz78VeohAR3MZ96p2zEjt3HasW8FEbxDAc11hhY5udTUJy3jG7u1dssIaK51nAQ927TTrxf69bbKngGQPvSMoSrH2NBqOTzG6zkzFYCRUSzLxLz/Ktou5ySR+QqLAHAb44zVUYLzmccSy1eKPu2yRXrnStQz9I0OpknybytIPCtivIVUSVBMqZ47V6X4bvNc8LOgbG2D8lSDUzQIbyjcDme0+D74OjK5gOyle3PNFaFSj3FgkSTHvSbwZqF1Gkusjf6twjOCKcWWKpvUid2SK0+JaA1dzTu3IQT/UlrHW2jMQRA3HM14p+1zqSjS6bRqSWLlyWxjt/WvYesXCthlSB5mAe4r58/adq0v+ITbDStlFUj2MZFNqum3aO8m6gC+ZxzEliPjtTnwzD60DH05mkrGHwZBHtTjw1C6tjO0xGTzWUEKLORM21rsTrdBbtXeqWA+54YkEmKD8U+JP8P1FyzZxd7k9v7VM6v8AAsdV9flISoGTOf7iuB1mouajUXbtyd9xpJI5oLtJocSzOQKPeNdJ1q8Lwv3L13eDIO7vVus8SavqJCX79y4qn0y3H5UiDfuwpyScQM1JW8kwe45HNAjGYgY1UOuaphgZB7TUBrriKRaOw8yDQe4zgkzWnglmkMD34pQgEIahaioxt9Z1IIa5dc9iCcVO5q11tpZvlGGBbgRSgKzZHFaWVMkxmj4Yu5xZqyMQu7usuIOZ7GmNu/YvaRfMGy4n1XA2D7YpHG4j1c1h9p/UUdpxmqiXnm53tjavTlKxu7xXL+ImjUqOcTzU+kdVK7bF5x5cyvwap6+UuaoENPp5AxFelqaobSAExrp1rm4z0l27rfDd4XL+LY2hT2Fc3YMX0zwRxTTp6236RqULeoNMUmIYcZj2rzEA6hc2OSwBh92xd8x4ZYk96yoC3qWE+YM5rK6pO3852fmEXGWARMGDxW/PFv0tklok9qHtLbvlmG2TJkcxUmsAWlLKSFyDAx96zNplTRFG/QmasA23Ms3KjBlX0oCCScUVYuhQQQYI5J/pS5kDD1KGX44otFGAo+STiKZBeCf1iAm9pzH2jvFVgnDAGRzFELqR5G4qXxyKX6eNgLABu0DtVocEbIO74FVbbp01zPvIxWOI309xBaQkBtqzHxTPT6U3wtxkEERM0t0tlb62wM7V7DvTpIS2u1NygYET/wB/4riS3vDnyllINi8RJ1OwbesChd0cCePmhk+gnBxMTTTqNiNaLxUNbjgYnNJzsK+kSDj7RTgbG+Unu6dhi/UsQzEAmRxVNlJ1Sk+oe54onq+g8m8qiWLKOIj86xAqXcRvGMRFQJJHXn7TgRwDgyvVWgGZjLHvHFKdWhRZCnic091KhlIVe+RzSXVqptqSR6RtzTgNvKKPvDtqgTkwVB5mQBgmY7mrv/iaVEn7zQ9mCpg9/eKvCCJ2gknjiqEtpZPEnYJIEIstvwV2/BxRN3WlbRG8jgjNB2SrjfgR3FZci8xUID9/60gDr1cmcuLFXLD1G5dBQCFPLLUE1LIFEE5iZ7U56H4T1nWGCaRFuvuCFWIGT96h4q8M67w5qF0+v062bpO0AEESKo66jLuOLhDG+qcb4ruzrbBAJG0yD2pKbkIePfmmXiVv8zbgD6Y5+aTtxFAC6uU55lqqV/Otlhw2J4zVdsDPP3nFSYDaO0k5NOwIEoMnaZu3G5cRPOa7zwDqlu6a7pbhMA7ufeuCRd+FyO5px4Y1o6f1W00wrGDNA2crOWsAz3X9n2o8jztIwIa0dozOMxXYC5tsMIJIPIMVw/hkN/iReMXbYkzyR7V2Odv0ndPIptNtwFc9vlLkk2LwYm8T9UGn6c90yBZttcJJmIr5t6nq312suXrktcdiWPvXsH7UusnQdLuadZFzUEoT2gV4vccFxuxSEHkSTlSa4keW4z2FOfDAnWErjHvSYj1wOY57U28Otte4/AFCsWZAHNDvDuvFl0AgECATtPauWuNuII4PzNdxf0iarp2rd8+XaB57zg1whUBjILfagnBBHEtrYqaBI4/WtlXDKQJn3qRIVcCsYhgMjHbvVSxx5RQw27jJWZgqygZ5JoxdMrDj8qDtLvuDkR35pnp7o2lYJB+ahqMe0toqt7pG3pkCiRMfyrT2FuAqUBJ/hFMNPZDiCNvcS3NX/hFKyBn781lOrRnoLpKAe9+U599CoQ7fSfvQro1ufaYroXt7A6m0YHel16y3lxsg9zMCrpq2aMyNoqpisuVMgCRV1+/+IUMYUxk1QRyazlTWo5mAgAxh0u4sXbbCQ0Rn5oK6vrYcQaI6Td26sDbunEVRq2B1l6BALk1Me8RGaitCFrqWCgbhxWUDWV1Q70nY9Eul9B2DISPafamNrTlrALZ3E/UMTSPpm7T67U6YNgPPtNdMbRW0rAyCPq3Y470hIDAGsccD+Yct1ViVppt2meVAuBeVihmV9yyGJ4knmjQfLtKiGSRuFAXw6wWJBAG3PFIHJYA8/D+Z24nFH6xlpw4LKJVSMDmjNNbubFcnaZK0uViUD5k8wcU00lq5c06lbkRPPapnaVpm54EQg8kcZ+cc6C61tlkD1QOM/enyFiFO+GVsAZmkGl07KqOWbAHAyc050zh7bBv9IkA9q1q261+nH8SpZduf3ktcrXFMfUMnbEGuf0tlzrFRl/dyWOBTrqQCWCUZeBilfSANTqLjknaqxx3oW28gtIabUaqDdVQtqrTgMBExH0/alrs5cuDkninfU23MQWk/THakt5A1xjMse0UNRukbWv0/nt94hULxxNXrcofikmqLF5htvHODTog+Xc+3AOaS3rcBhuZffJ/vRezVmWvFbYH5m2T9U/PPzV6ksGVhK4k0EQjE7mPEiitOWBWYGe9TJKAWRM5LAy+3ZBtGeVOYrdqTEqEAzPetEyjEHjuRQzboGZ+K5nQvQyPKObWz5z1j9m1y4mlvkOcOCAB8UD+1u8+p1HTj3ClpnkzXJdD8WdS6EI0rhPUGJKzW/EXXtX4j1Vm/q7is6zACxz3x816LOnghBzAiEMCBOI8So41dsFSCEHelbelD6+fim/XU8/XgtJIWJOKVtaUEwW5HFZGKsbHEcdVkSP8A68VhLBgCcVd+GBYgtAHuKibCjj+XemGbJNxjYOZWJnkjNW22cXkZTkcEc1Dy0UiQY+BVht7SDg8GOaSzfRAwrE9I8H+MB51nduDp6YnkfFerW+qW9VpBettiTK957141+zTodrqXWDf1SebatYW32J7mvUur9NsdM0W7SXXtrcJDLPH2pUBVQV7S+kdygGeKeN+q3Oq9e1Lm4XtK5VB7CudvbiQd2Pauj8ZeHL3RdYt625v6e6SQ/sfY1zV23vYEH7mhZB5kWG003eQMj3bEwBTvoKFkubSZjgmKReYCI4nGaf8AQoCXB6gfaPimJwYFVbzGnUb76bpOpRTsNy2q/l3muJLFGJmD7V6C+hTU9N1SMJcqqpHM1x+u6E+kVzu3Ac44pV1FAAJmkq7KXVcRbAIkt+QFaX1NC5asJPAJmmGis72UwfzqjOFBIkgniAVIaTT3LjAtwBMHFNLe5w07lI7ZqAtEuPUzAZmo7xacw7mMD0nisLMX45np6WmNFgSKB+UOsDyZIJJgz+tEi81wLKttOJAoXSX0J33ZQEYkU502n0eqsBUuhmOYFZnJBNmeilBiFNCKtTuYbgYkZU4pdfU7TkiR34HvTu/oBbfapwfcGleo0oVXEYOBHau03BMnrowPGfSc9qUliZke8VSRReuAVlMt7QRgUJwMGvXU2BPAei13CulXGt620VmRxI5qGuO7WXjydxMxE1PS2rgcOgYAeqeKqu3Va9cMly/JNKK3XJ2SLlYiPq/lWVlZVdxk9h/KnWaxE0fXNOxIIuCNwU+9dI6qumjcu2DIYYifaub67YYWVvRBtvM0y0+pF/Tpc43LMbo/Ss+qApDLg97lSXUAcwy1bDWiR949qrvWhteYPpBmIA+K0i70eRACkkGealcJKySJIggnj4o9RAqcSSN3eT0jHaUhWUfnTvTr5YCkkfwiO9cxZm3cK8eqc11ekJcorwMSGBobSBZFD1mcFX5GY2kfhxDBgqjO3Joq0fQ7YHAURQaqibzAmBEtVyEleRAFakYLyB8OblRk13lusUNpwBDMY7cUt6DKvqC+FWcUTduwS4QF4gk8cUu6UzJavhvSWMg7s0hI3GxzFL2LscS7qCG6hO5YGcUsUqWuN6SZ75oy/wCmy0cj3PNLVIJO0QhPvSMV3cf3ENgUDIMS63TjBMAClusSLJwJIyeaN3bbd4AkkNHPzS7Vv+6IJI7zXAn6RAGA5i+yCOOOeIoi08kMMjnK0EJLnkx2BxFXWQIJUHOBmuFA/GcVzVw22CwkuoEe01gtcGZkjJFDqwVCrcTOOasVmZY7Dg96CgF7Iz2jD5S6UYwxx7RzUlsk3re0woxmo2WDMDBaOSxogKBlUDMM4PNFrI4zKqTYIM5fxGZ1xAcYA7YpW14hCAViaZdeQXdQx2w4A70qa2uwgwPtzNO4VRUKqpF8zLV5QZZo9sVeHRieGkzPFCbQx3AhiBJlqwMS0iDPBrrBN9pxF4MMUmcQc4A/2raKC4E7T3mqA5bEDGJmrBtjPJ9jQwWxHvdeZ6V4Gf8AwrpyX52KSzFh7U71njK1qwTeup5YjYvt+Vc7p9To9L4bXT39SmluhAyi4csIFIek+X1W9eKGWsLuCyPVS6x6QsGm+yqnYdW1Wl1vTblq4p8m6pJaMowzIryW7cG/BAg4xzXovVbovdDYs24bTLDkCOK88ZFJ2qCfk/lSowogD/Urq3yamtPa36kEKI5IHaMmnHQ2D27pDAbmMGOKVaTWfg/P2ek3E8sknseaa9FVfw8jcMyTNEgsLPEiprJE6rRts073AAQCSvecUD1NAOj7zZDMzbif4fvRukdU0DDbBPEUq6jeZ7DacetSMjdx7RWTXUK4cCezo6p8IpOPu7F1DbDInimuhi2yqVBMHPNLHt77xUqQQeD/AHppp0lsTu9uarq0VmPQB3GjG9qxaIlrgXuIXig7+oe1eCpaQzgMw7UdpdOLqwBmO9Mz0q26jzgbRj0v2rBdMNwuez4Z1PdMQX+qXLds2rlm3vEgqonEnNQ0doXLqsoFvcZxR+s6aDcB3hhwSO9BMha8DuMKICg+1Pa8LjzmRtLUGp1EUDGWu1p0loKxbHzmuf1Wtu3FJ3KFJiTg0fqtQha3LbjAxOaA1yHVEEptAEcxNNpBVORD7Vqs/SpijWu7EBysniKptsquJ45zV2uSLkAkQO5oTyz3Ir01rbieM5O7M6G/1mxd01u0qopVfqAikPmAuY/WpQKpiXIGM0FUKKEUsWl2+sqkgg81lGolCeg6zTNf0rISDIIiKX9Aug2Xtsx32iYx/wB705Zi1zBIE8Ec0jQnR9b2BtqXQOCP+81NixJDR2I3VHYuLA3XCQcTHP3NTZiVIBCqoxjiqdK+1nHrKqDJAEVeXNy0+GiJ2xJoqpYHd5SVkj884FaUJrTL7lbMe9dVp3Fu2hwRyccfFc7bmzqFaGWRIkA0+0jytr6w38M02mSoGeO0II5YxmmokN/6jJFEK4NnbugzzFAooQvO5pg/lUzqDKyMDM8fatAXZTLFQo7F2hFssbFwyCInPY/nQehukFmYhjx9qJFwPbIIMnjPNVWLgAYmCBE1FrbrXk8wqu1gt9pRrCGskSASeZpXZvwzDED3maK6kwCtsHace9CW7+07gpCxkTxXf9qOP1igFhgwcXIL5HPMc4pfqry7WWRtiJjNHm6QGjjkt/0Ur1DEs+4xnB5n44pbY88/OAirxBkdi842GRI71ZacWxJ9I4n70O7y5Bxj4zVttyWHp44X5o3i2ENbjYl2dpAcsQeKskyE3CPeqrLnaSAZngxVtq5LEGYBjAodQJWdjdk49ZZZubH2cg+1HW2AB9QBj86X2WPmCCAO00YLoDtOABz80UsjdcYAFqXicn1u7/mztOCAYFLGlw0nv3pl1V9usKzmBAoG5eg7eQOZorp0QDmXFDPaUXPVMGG4Psa2xgA7jmsJmefyrJgmJGfvVRd0sXgG5KydwY5/vWOQvDEferxc2gdl+1DFy5afv70rBgYThcDmX6nWPq7iXLj7iqhQfgAD/aiugdRTpnU7d64zC1wxTkiljGV3A89q3MjnNd2zJjAFR71XxM9/T3NLYXZp95ZZyx9s0iFyTO47j2NYWO3OaqJGMGphSOIxa+TLsGTIJ9u1dB0UltEDIHq74rn1aRkfyrpOlv5eit4aOcV1mqr0gUDgxu11US0rXNq/wj+9CXNEd9y8zBUHv2FXXNRvWwDJIUTIFW3Nt3Q6lATlNoMcGk1FO3ap+fwmtNRUa8TkA3+YO0yhP1UfpSRdmZPYgUFp2iATB+BR2nU+buUszRExUHz0yyURuAxH3TGFq+CeSIn4+1djqWs9Q6Nbti1N1BhgBxXHaAb3Bk7gJg8iuu6Zf22CCYMd4mvN8QoavM9/QQlK5/ac3c0i6W1du3bgESeM1zJF7qF8lEIRW5Fdt1xEv2LlsDbI9vmkaPZ0lso1xpPEY7VUNsvuZPV0t7DPEGbw7cs6YXrgAnjM/wAqGGnm2VLAZMEDIop9aNxti61wEjOBNZqXVQQASoGOKnue+qZ2GmLYG5yfUoF+A0iKCZSTg0Vq7vmXnMznjiqWQASpJ9wa9pLCieCxDsWlIVz3I/OsX0tJq0EnkRVRBLGPemGZC7k9y+1ZUfKf/prKNR9jeU9EVGUkn0ySBiaT9dW5bNrUoCBbYDjtXQAW2vNc9YHcAjH86C1Fj8UuotkQrAwS3EDFLtYEE8nzFfvEYkAkTWlum4gKjDqQGVIq9WulGWTMZIHNJ+jX/MsG24/+MkEzmmtu4jbT6gvGCTNTYDYQ9D0/eEAhqFydn1kkIQIieab6Qk2lWCpGQYzSnR3vKY7sAjse8+1OtHqE8kPzPsaVE8Mbgb+ERhkgen5ULsXAZ9RHp7/0rGbcrbfgCTQdi5LEbZERMx/WrphjO0ey75JrRply1fSNtVcy+5qPLUicxj4qNjUxaJZQCT3j24oLeGZSVgFsmck1d6EsXCCJJiN1dp2pog2YKJIs4MC6nqHuGAVAn6RiaoCsAAqkfNEahUcbiAW+Wj+dVWSAWxE8Q1cu42CPSzJkKFvmC6jdDkrg9xiaX6hz5bScnE0fdLK9wMm5ckZpdcBAkyF/hB7UrEqRsEZhu4xFwk3DuEn2ImiUIYAlMHBEVQwVrjEYg/xVfaMLgx8k0GzyYptTUuslifYDMe9Wm9tkARnmh1vATIB/OtSRJJ+cmaAJBYQbbxLN7MyhVPP8qutsyM4b6TEqT3qmw/qBGSBxRNs5ZhhiMiZiqabELz+fSOB2Hac91hlGpJAk/rS4uTJiDMimPUrQu6lnAPbIagTaMN6c9pNCgGzLEUc4g8kBiRmpLuBXBE+9WCxLncIURGavOmUqTuLEcCqk7RZ4ir1GgZQ912XYcgewqoArwO+au2BQsYJwYNRZdh5qYwaEcntK2gLCzPzWAHkVIKDJHbtNYskDA/XNGyTEAoYkJkDuR7VkxUwihgD7+9WWtL5hyYE4APNDcO84JcoA9WAWBrpNEPL0CAsRiQOKWW+mq+4+ZsC4iczVqaq9pkIuNuVR6anzxOOOY31upOnt2rswCQDIzH2oW71+7qCw0lsW02+t3EzSi/rrmpXawILczOaqRyqMowpOSTRINZj7uQe8uQlTEY3cGDTHQ3/WAuDmIoK2JCynOZBqaEWLgYGfiaiwtRNaIQQs6fSvscSSBwTRza5rKFhJ/KRXP6bXo+ZKkiOeaPe4PIKkncO815mqgsCrnt6eodu0Ga1nV3ZdzsoJHBpWNUrOSiBjghnPFHXdJbv21IglfciaoCpY3qbUsMfarKBVEZmYjUdhfB9YBqLksFC7M8mrV8/UWPLtKz3TgKOSBWr7o5JddoHIBzQWn6qbGvs3LZICngntWhUsURxM+q4V9oOPOC6nS3bBYXbTW2HO4VSUYofgV2l3q9nV6eL9olSfilGu0OmvITZx7QaoNYEAcTK+kVOG9O/6TnHDDitpbDDjNWXkNtjNYh2tiQT7VfkYmNlNTPKcf6f5VlX+Qv8ACv61lJvi7z/lO7a6wNtiQoJgFEH5zUbwlnXdtI7wBWxe3rIYtJMY49pqF1BcMvdIJxJIn7RVmveGZgOb4/iTYGgS3PaJrbnRdXe2rQt5e2Ka2r+y+U5kcEDFJ+uAWtRp76mACVJIpit2Lw23IBESwBiqMikFWOJZWLC+4hCXYvFi3BgemmOkvi3ZVW4n24pMQBdA8yGUyAcn+VMLZOxVMtzOBFZN5RtwINyDUDTd4z0uoENnMCFgGfepfiCVyDuQnaMYoK3qFtJJhpEYxFSXULfld5JA5xWsDJ3CcSQAO0uLCULLuYdsYNZ59xVKlsbZg1XabMbjE4g1BgAz+osDiSPvSB3qlxFU7gATJvdZl5kg4IAiqrd5hcZiRtDQFA/Wt8LAYjifg0OtzbfOce+2lzYURaxzIaq8WLENk42n3oG5cm2S7mRgip6qC1yTxkDHNCugKhgSD3iibLbmMtYADEZghcoWgwDJmOKkb231Zg99tU3CGBm4YJ9xUiykDc5j2oBbNjIEk98jiTtv6WWctkVYlwwRu+IAFDi4isSM/cVsPuxMCO4mi3LBeJy4scQrTOVfOPmRRT3iJm4SSMYpfaPrEEkj3GKMkEZYiRgxNMlmjwIQwNXBHXzB9WSfpiofh02b8EE8EcVIMwJOJnkVhdgshjMcHiubduJHM52owd7Fte8z7/8A1VflKJIfbOauulmJO6B2ETVFxmZQ0T8kUub4zK0VkAikYXM88VptOWIjYfbdVg5PqO0HEAe1Vn0tIaSabcRzz9oeRKWVlY4kfzqWm096+6paG4k4gUXp9OL9xrjsImDNdD0xLWmCpaAUAkz71NmKra5ldLT8Za8oFpPBmo1YDG7tuNgLtwD96TdT6ZqelX/J1ClWXj5Fej6TqC2gGEzM/FKPGVs9Z0YvETdsiQw9qlp6g9w8z0NTQA0947TjBqDf0rruhhmhruouRBuE9vitWnCOpicRAFRuKFQZzJMVbijPKUWpm2YkgyTj7VsICvIwc/NRYqIEzIxAq3SA7mtSOQadlCixKEruB7w3T5tJtJLRERUntsDt2lSPj/ip6HAUHjuImj71lbYDAyxnEViLrheJ6dWu5TEnmNp7gJuArMjtFMNH1dCCjnJMA1XeTAwT8DmtL021dYutyAOe0UWCH3vrI6YdGtZ0Gn1dgLBZgD7UNruopJCMFWRMDmkyWmRvTfZonMfNA63UOlwolycc1BdHqsGaX9oZcAVUu6lrfNcqpEd6XMZ9XA7VsCWEtJHua2UVi2ftFblXbPLLs7EiNtx2Bg0EqPtWiLqCFG5DyKs0Lg6JCxPEe4FTuGVYKSR7kxWI4NET0LVsnvFWqLXO8kc0MDJBOCKY6khZAOY4oBQGNalOOJ52oNpuT3/J/SsqUqP/ALrK6/hL7V8p2QuKwErDBtxIP+1Re+imSQ88Y/7igl1X4QsCDk5xB+Ki1xrr5SVJ5B5rSxogkfnxmElWFY+sr66qXNMjqAGVwZ7Cmgso+nskQbjAEwBSbW3FOmujMESJpt07UF9OjjsgNJeN74P2nabEKAkqullugAT2P60ZZO1fU3eINUXFLB7ozPH5VFXZbYN0QpzjvUmNsUX8+XygK7j18w5lCk+sEkc+1Yv7tMQBIz/vVdog2XAAU8nExUUuQ0HhuK1FrO4wFS7Gu0Otubl/JB+/ats2SmARnHeh7UqYCkiYB96y837ycA+3/ftUgjo3wi2tsJeR+7EGQCC00G4CuZbdjj3qJ1EkmDI4j+1RuXEa4w3bm/2oAXR5z8oAQV24g72xuJGGGM0DcuG2HDAD2I4ou6RbubdhAPJHNLtbdLWX5OJk1xFHPHaMuwYOIHc1KDeABHxBq0EuBtHopbwT81davlSuCEPANKOkRrxmHo0pwAR371gj0gkDPMZqGnv23IVVyOxqxn9MiMYilzuNCKAt8SVv0uGUzmiid4mZP86BtAohMg5nFWHUev6Sc81ZgQBHoe9LBi3J496017aCZAj5iqhfVtxMwDJFbF9Wn5IAJpW6noGC93JliMrEw0e5iosNi5gD3ArFXapgQePv81JjiNu48ZosG7Gv6hAU5uQADktG1cj/AJqq6iqQQcTk1ciFYkR3M1XHnX8TApCbtT2lUA3CX2Le6NvB5HamWltvtC7ZHFDaa0SgXke9OtFYOxRG7NYXYtgCeoigACatAyFLR7cUamnW9bZCeVIPGakunwJVty8we1G2UYNAXMYJ9qXaSbSbQBW3vPLNbZOm1z2wSCHiarvWzySCZpt4jti34gv/APk3+1LroleDtmt48zPnm6WKmVFIiCu7sImo23KXgwjnNEFVmIhv6VReUIQQMNRzwYWAqxHltZVXQDafajrTpdENBPGORS7oGsR0bS3WCEn0N/tTEWGs3oEkd/8AmsOqvYj5T0tJrRe0jd0yeYxUg9gaEuWwsjeB3xRzWtrYQLMwTmqDYbaYyOT7VIV5ypIYdIgTFUsEnBjt96R3oe8xAnNO+ov+G08LHmPiJHFJFBfcwwB8Vv0hY3dpj1zkBuRNH6lNWpAM4zWJZ3opzM0QyhBDGTzFOzUaMmve4Voj/keylSc+9EeWoXcdoxPIoTQuRYcRtIbI+9F+XbQMWEGJwOTWTUweqagdovvAb6Iiqd3IPIiaXOIYgHE05vx5cECIweYoPS9Ov6wk21XB7mraTGZtUbqbvA8/x/zrKdDwvqSJ9P6D+9ZVJKn/AMTDNo1D7i4E42nAqwaeOJ+wxist2y14sZDk98xmjBZc+oZB4k1ZtMgMDWPzymTVGMCJtWn7u9t7KcGr+jX2/DIshhtjIyKOu9Mv37d+5btu6ohLFRgClXRAV3jMpwD3pxp4px9a+3+4f/q6jG65l9pUnsAMxVVq6blvYTxiavgksfoEYJM5qmwsSscmSZkVAjYaA+/+xFF1QvzhVsjyvVBYY+1Ss72YZHp+f51U8C2QCfaRjNWaVgbLANLHBmqEgG1z2jthjZzCBcIk4J3TJ71ot57kGAQMCqWvMtxQVMDjNQu3CMCM/OanktR49fp3xIncSSJYV24gDH8/ehrrnzGjg9+asD7wDyAcgA/pVNxg11hHqA5nvTbG0zfEcAtQHbvKnaeRIP8AqPaluruE6YyP++9H3Lha223B43H/AL8Cl98+YlyBBPzNNWSStGHpJsRcIyTBPYg8VJgARDHafitom1xuFbuQHEAe3MCgVINVHbLA3chabaZBMzzOKNt3QykYE44JoW3u2IVhiJBzVpAUqSIJzM0AtnmAg2bEKDFFkFRH5TWrmAGAJPfuKrtElIgTM54rd27MpBApn01BFzgsrKk5DcHkCpkYx3zPaaklg3O+Y4FWjThVnnIGWqQOdoh2kmiZSLpVhkbvias3MwmASDM1MWcMfSxC8H2rPw+4kY2njdNcoBBrEsha7GRIPqCQFiQcSBV+nU7iuDPtihwvqUTIAyAcCmOkXcQTBNT1ECjA9Zo0wAeqG6WAq8CYOCc/bFN9KBMET/4kT/8AVBadSoYgGQfcj/vemVnAV9wBjvyMZrIVsjvX55fvPSQBQBcsJJZTtIzEAUZaG24JBIIiIzQbqWYDaWtjuDRNq6yiAoCgQCTmuCiugUZbLWTwJ594pkeIrxmSCPqPxSy6SxkAweYGKZ+IvV4jvDvMT+VDai0VVVB+CY5raCQoBnhuWLEgY85DaGb0qIABmCZrGUOxDxkdhVpLJCQFGFieKiYRmgHaaNHbHBBFHmLityzcxKsvBArq+i9aTWAW7rfvgsCeGpFdtyksNyg8ihLgdLqsCR/CVNM+nvUWaMCaz6DDyM7xrarcGBGQRBmI4obWXbel07PcIUiJnmk/T/EVywrJqT5qRAZRkUt6n1C5r70iVt8Kv96xeEXamxN//KAW17yjVXzqr7MO5MYnFSSyLaGeSMVLR6dt0dyc/aj+p+U7oLILAATPvV2NMEHETT9n8RG1G57RaoHliRIiZjiidNpG1Nt7lsYX47VfobDtvvXB+5tifV3+K6ToOt0p6fdZ7aW+Y/iNVIUE3Jou0URYnGWiVuMoO37im1sFrQJ+3FC3yt3VXHQALOAPajRba1ZnDAiYBrLqsCKlVQNn6fD7wG/IMn29qadB/wD2jldpG/O7JpXeZu6gkCYro/DVhToWZlly5gjgUVNVizM7uC1g8GXO43H1W+f4P+aymH+H2P4D+prKxHW0weBM5TUPnOd07O+p27oyR6Rnmun6L4d1XWryhSw0yH1XIAEA8T3pF0G1audXtW77Rba4AW759q9pFuz0zT2ksqLVoGB6cH719j7N7ONZy+61HnzPNd30l23zAE6RpNF0+5ordsFLilWLYLYjmvEW0b9O6/q9M2AjGF969iv69XJZrpVhugdmNeZ+NV/D+KPxIxbeCTx8Vb2gDUUE8idpEsKu4I25CFZi0/TPaoKu15MQBI2jk1NQ24+vcxBjEVLbtUKIBIy35V4RQnH1mkpsAZoPfLAjbcJzJqNnUmyMSZPNYbRuWsCV9+CKCugw0g/Vj3ApdqhsRGbOBnzjH8SzsRImYHvWjchwoICjuRS23qD5stiOZotS77mB3DkD4oV5n7QLRFtDHYKRlh6RwKqeUfkmMQe1Q2EhcbyR3NYxJuGfVBAj4oFM0MiDqA3DmRvEsDtG2czApfdkoZeQ3aJo64CEK8+84oNrbZG4fr2qnaziUs2QRBLqzBAwORWnuIQAMGYj2oldMTc3AkDg1JNGHIO0Egwcc1x967grzgqWioUJJLcj2oi0ouW4Jh/YipppmVpX37YiprpSGLEgEcQKO/cDODDdcpUbnQg5+e1EshkGd3fgVpbQt3Fzg/rU7aQSAST+tJ0nuYAOqxIgLIJSQT9qmT5lsBRWAsScjnvzUlXBjFcEF2scAhsGRBIhcA/IqTKZBDCI7DA+KwhkluCPczVhQhMx7n2p9xC7bjk9QDHmA2xuvOZB/KKZ6MZgfTMGBSvTncWY8EkjP8qbaQQsSATmaysNpIP6TXpX2/WNLF0K5Q+oj2o4EFTugg/rQdtNgg5XvOam15p+pgmYzk/lWQ7bWjxfr8hPRW2G4cj4yVzWlWTIBBz/APdX6fVBrTGSCM8TNcz1K89t15CsYLAjP3oh+pixoXeQWgwJwe2aqexF8xC7Cw3aJtdeOp61edWwGke1V8sSwkiTIFUWQxuEkwxE1e13cIURMg54rTV4HE8wE1Zm2JYgwSKiWK3JkqIgAirVQqfpnHIM0NqHKsZMtxRUKI7Fl6hibLlyAoJioXJZoGCKkijYDx71G5MDA20MYlirBcyp7JUkkz96xU8qByZ5NWC87OByBjFSt2GZjOQOaJNQIpZwBDumWi+9yMD86qv3W8xxAjgGmWnP4XQvgAsIAilFy4WDApxgg1jW2Yme/rKNDSVLzOq0ypc6fbR4ZPLUAEQJ70TY0WjRBvshiVMRnPtXM6DW3LFlyxJtgQFPAqi91vUXNy+Z6f4YphpAtdmeTToQxxct1F0PqrxFtUUt9Kjj2qZ3WwG3RjmM0DZeFJYZPeiUuD33AjvXMvlxIhi5IBlN+6xBEz9xXV+Fgx6cGI9Bcx8D3rkL/qOWgnuK7Pw6DZ6Ra2qSeZjmqpgihciEG6qx8Iw/Cu2QVg55rKqNt5MWGI7HP9qyr+Mw/wCg+k7xVHc/acxbvkKXAAZTuyDiPmvQuoeILmv8J2tUsB7MK+0HIj7150u1Xe3tJkn1GnnSeqI3h+/p8g7xM9s5r0F1wgYAYM8zU0zQc5qEW+v661b3+UbloLMFDSjrmpHWVe6oQXlUehvjMj3ph1vrG9fIthVRR9QHNIQcBtsDbEgUninw9gcx9JBlmFY4maXUBkRjG4LHFWm9vVWAVSO+2hNHcGna7ZbLA+w/rRBeFB2ySeIxWQMiHdzOpgBjiSa4xBYkGO2aB1LwrARBOGE0ZcBaJthRHMd6q2ysFBt7nuaK6oY2Y4Via84tt3j5x3FTJySOKPtOSAAok8Y/2qFuwWYwBM4BGaLtWxuhx6vtyaFre43Yg28Cbt7SsBQSOwxNY171MroJ7girXKjDHMdh3qDqFuMTIbtIri6pgE5nFW4PHaCM+5CCBEwBFVlJmVX47VK9OIBHPHapWo2iRnuTzSlxdrxF6hjm5lpTsztJ7gg1OSCFGFMGRNbVQu+CJIwSKxDsEHkdoxTs1YUzlFXiYVbzIVFAiSQKicmGgGMR7VbZIDMGwf8A15qLlXP0iRxQG26vgRsk2wAkRG4EqCR3P9q2I8wnlQBIA/pWyxA/eLtBEqR/vUlKrblQZ5OaYDuLgQE8TS2QVYACO0irhbG0epVIMGQcVDzJSCO/3mrd828iJ7gCiws5P6QhST1DMqVJmGBn+EYNUaj91bMvLHIGT/WincAyBJPJNBa65NvaRljiF7Vy1ZJa5YghhfaU2WBuLKgKMyBTWwDAIAH3pVpBscDJieab6UqREd/aszBeFJmzTo2DD7RuIvqAECI7GrPMJSIX04BJNVSwQHOOxzUHchQApIPxWfehAUk3NBwALxFnWGVbQaV3THFKLupN1QDG0DgUb1u+jIijEzgDvSkECYJGO9bdJiFs83+ZmLV3KTLkuEscgkDFX2oyxVZ+AaHtjbkCTyTFWPdQA7gQ3sMCiNt0bgQkAHkSxrwRVkhfiqsNcGFMmoWxvJ7jtir0tC2GJ4niM1zbV7zQiO2SMTTsBEAA+0YqE7xHuDyDU0stfbaiOzcDE0f/AIDqwqM2nMsIUkDJpT7oMcW9heBF1sqhKlYPvwKYdLvi0jqUVjcG0M3tR2m8NamQ9+2iemfUwGalp9EmjZmu6myr9ipn+lQcFxQmrRQaValiA9U1EIloECBmO1AWrZ1F4IIBbvEUfd0emu3N7622xJn6eKjpbmh0moLG610nAKrwPem2bVoQ6ntGm+pvc0LgvUbu0rZWNiGJGJoMkMh/0t8CKL1VpZ3oTctdmNC3CWAAAPcxXIaoCZ9V1YlgeeJZbJ2H8piiDCY9JxgCh7bNGAp7Zq9iyoWAG7j6RVHJyLmLaQOJTfMssgARgRFd30hFs9Osjg7BLKvANcBdckj0iYifmmei8T3un2xauoLoX6SZGKCjFgkGK7byQwudyLwIG26Qvb0nisrkf/zN+1pAPtWUm7X/AM5k8LRlPmMzkTncZYGq7FxkvXbe8bTk4ic1K5i4nyW/rQtrGqufn/Wtuqx0ztH7/wAwam0iq8odfvS8FgFiM9/ioWS0ESY7QaDLE3WBJIit+Y34c+o44z9qm/QFbuZPcb2gye1k1iErhvTg1aJc4EYJ5/3oXUkrdskGDv7fcVaxP4UmTMc1PNbpYghbBhiKYE8wDzUwQCQIJn2oC2xN5ZJPFGXsW7ZHO6JpNKmNGFid3pMtFTcMcE1Isq3CCTv5MVSmPyraZ1FycwtOq9TWZAMzULloZWZSTIjiq9+QAfeSDFU2WO7k96zcTdEk/rU7xcdiUQmYxEMVMweWk1C2CCWYqW7Dg1K5yfzrWlUNyAcHmr6KB8jEoq7yKxYuWKdkq3fuRUVb1BW2+kf6a3dwt3/1qWk9VsznB5qTsUNHMm7bTU2o81DJInipKogTJz27CrQALafaqrmNPIwd9INW+2IFO5sibUqGM59hWwxVj7UN/ruHvFSk70z7f0rSCSNvrLaQBQEy1bsEARuJmrN0gk5z7c1XAmYzIrJIHPf/AHNZSwW6ElvLdUsRjBYMwnhQJ/Kluuurd1BUFh7Tz80e5ItOQYpRc/8AmP3NXNG3M3MoAVvMQ3TQu3O4/PtR+muncoZQftSvSE+/+qP5UeSRJBgx2rO3BYyqCyIyLMu9gYJGQM0NqLu2yCcD3qy0xZwCSRPc0PeUfh3MCdwFRUA6efOX1emItZcFy+TEgVSVYsIwPkVLUfR+ZrdsywrWCaueYTvJMx2EjbwO3asRPOmQYB5HFa/1Gr7XNr5Of1qm2n2d/OV0xuh+g6Zf1wLW12ogk3HwKJujp3TSwc/jLh4Cj0g0d4juPb02nVHZFK8KYFUaWzb/AMAvNsXdAMxnmu9o010lBF3c1vq6i9CmDXOv6rS29lmymmVuCF5Fb0q9W63buXVvM1u3PJj9Kl4nAF3TwI/dLR3QXZOhelis3GmD8VVGAHymUBrIBnPaZ7mrvG3ev3fqA2oJJzRo6XpTrLlnebvl2i7E8T2ig+mEjqF8zkKxBojpWbeuJyY5pEcFwpEmymxmFXug2n0ukeyBvkG4O8GM1p9Kqvct2gEDq1wRkkDtRGiuP/iN4bjHlDE1BWI0wMmfJfNT1XqyO0Y6eR8TOeN63+AW0QRd8ySQO1VA4YAbgO9QTJBOTVmn5alOMxx1Vcnaum3bMMOcGKuYNslmiRjGK3aRSjYHftURm0s5xScmXAO0E5gt3dA9+eK2lwXFAeC3uancJZEkzzzQa/WadciRI68w/wDBf+afrWUITmsoZ85PavlP/9k=","Ronil","Gonzales","Cajan","Royal Blood","aklan","1980-12-23","40","Single","Male","Purok 1","No","","19512659595","cajanr02rtrt22@gmail.com","","310 W Las Colinas Blvd","1","");
INSERT INTO tblresident VALUES("174","","","data:image/jpeg;base64,/9j/4AAQSkZJRgABAQAAAQABAAD/2wBDAAMCAgMCAgMDAwMEAwMEBQgFBQQEBQoHBwYIDAoMDAsKCwsNDhIQDQ4RDgsLEBYQERMUFRUVDA8XGBYUGBIUFRT/2wBDAQMEBAUEBQkFBQkUDQsNFBQUFBQUFBQUFBQUFBQUFBQUFBQUFBQUFBQUFBQUFBQUFBQUFBQUFBQUFBQUFBQUFBT/wAARCAD6AXIDASIAAhEBAxEB/8QAHAAAAgMBAQEBAAAAAAAAAAAAAwQBAgUABgcJ/8QAOxAAAgEDAwMDAwMDAQYGAwAAAQIRAAMhBBIxBUFREyJhBnGBMpGhI0KxFAczUsHR8CQ0YnLh8RWSov/EABkBAAMBAQEAAAAAAAAAAAAAAAECAwAEBf/EAC8RAAICAgICAgECBAYDAAAAAAABAhEhMQMSQVEiYTITcYGRobEEFNHh8PEjQlL/2gAMAwEAAhEDEQA/APz3t3iql2K7opV74uvuPBzAHA7VIjfkY8BZoVpYukuZHYkCK6EmpU2Rblfy2O2iCgBCkxg96P6n9QAxEZz80rbZckyBECACT+9OWAhkwZA/uA/6VZJRbdl4yx+wRT7goEhcVpaMI0ARj8VnqwW5B5HEmndDcG5AZYtiaCV+SKuSbsc1UnT4ALHsKWz6Ckqo75pjWP6mlHv9MTEHFJkKtsAFyB+azkkuvk6GvkN6faWkAFu9XZDhjABEx80LT+Yxg5qb12ATJntTXSwK26xoXuXSUILR5JFLvBcMfEbqvcc3B7eT3oLvLQNwA5A7UFWFayS7WrXg8/8AVTEaZQYlmgya8+t0hLlogOCQROYr1fV7C6vTujyYMqe4rx7o+nvlZkqYk1OfHb2GVXaGtQzLajjFAt2ixBKiaPqG9O0IHPgUDeyjcMHihK5NU0Tcr0gtsxuxx5od6+vpkrJYYil72oZpBoCExSOPaTi/4Gt+EE9VUUEgF5kVpWL1vUWx2YcrWOWkA/NGtObLqwzBzTq7tPKGTpo0dTbKWt4wAcg0kNUp7CfmtDqj79Jv3ElorDOBNCUXHEXX7GeWaS6tFPyePiir1FQcNn4rKM9qicDvmj2Uo02GOF+x6/oujPVldvU9oMQT3pu50S4jHY5BGJ7Gq/RqNY0RfILvit8o+QRMsJFVUbyXh/5E+yPOHpesQiSTNUFnU2UE2zk8mvVJbuNdkH5iBR2snbbLgHMyYxSdW94BPiilaPILa1bQRbHnFFWzqVE+kZPYV6W1Z9SZgxgQKulshVJ5/wCVWik2or/n80NLj6ul/U8rea7aZVvW9jH4g1W3q1VSvBP81X6u1pHUFTuiQRWXo2a7ljiea3Ekp/2ISk4uqNsaqe8RR7PUlD7BHM+KzEIX2Hz+9Asbm1wJHk1VNezN/G0ejTqDIyqSJ7Z5r6V/sp+prnSdXcBYANnnFfIFYOVIJ847Vv8A01qb2l1XtJaJEcV1wTr4sEeRcdSktH3H/aZ9Vnqf089o3cV8C1F5WDHucQfNeu631R72hdLjNJH6W4rwVy8CDDAgGBVOS+PBfllGclWBa7d2sx2jB7Vn3nAb9MkmeadvsWSOG+az7qurFSRP2rzHFRdsi0nyLBxbcAJlvA5oNxjsIEKDjmuLFg08UCWUCDkd65K6+dglL5LyTcEqODQnBbbAAMdqsRK89xVbrs0CQQfilalp5NbaSK/3cAwIk1yx2A5jNVUFj7mERBqNpwCRHanprCdNmaLm4Af0j9q6gbif7TXUf8vL3/X/AGFPbkQREw5znihsAbkQxtjG6MUqbgUw0gA4I8Ua1qVbAkpPLd6opKkq0DkjdNobtEBpaTAkQaZ9U3GUKkSRxWWtxdwJAacTMGn7LoLqiZA8Gt18yZVTVVQ4F33GVh7+ACaY0xZG2z7RQrYF1iyEAHMGriUurvYbY5pVTdpkaWE0ajCVtgA8iqahAVYL2Oc0A3QyBkMrPmouPKSBnvJp5bedF47eMUFs33B43TAI+atqbmxB2OcUvaYsFAwZ8xVtey7Su6XjPigumX7Jq1dMTS628gEx/wAIzVrjeqDAHmYzQkQKk/pxmDVXfc5/alX28eBXSSaQDU+8ZAEeDWDrrKC76kCYmK2dXJDBSVAFY+pm5B74qs1p4F71mhPUyEJ4B7UuilwIyPFG1DSu2MzzS7Qk8kCuSUb+hu1uxK6ZbbwZruFjbJ81XlqujQ0VRR82ZyyUuYA8zxV4xnAj+ahlkE4x5rgAojNNTM3dIfd9/S1B5DRJrPKymQSZwVo5MaVgeAwNCLHZ3FJKlJNjLdFVQAk9vBriAFHINWKgmSc/FQePNM2llMLd6PofRBbt9F0zoIJAn9627dq4zB0mGIJk9q8j9P8AVfU0AsBB6aNETkV7PpTg2QOZFXj2zK8F4SpVQVF9G4JUAsJxRXtf01eD7WzmuvoFu2S7TmJJmmn2iyApDDcMClbuORrai1RmaZSBeESQZiqWwWtpxGSaNaBD3wex5HNUEWrcjJgyaKbtJBtNNnzj6r3nrN/k4An8Ut024WZrZEQOZqOu3lfqmouAwpaJ5oXTm/rjbxSqWbZx3abNZZcqSfaJ5qUAVlILMYz+9QDtMcgdjQba7yDOA5mqXtX+xvjdxGHtSfaWHmTXpPpm/cs31BAfM7iK8yG2xBkHtNbXR73pOvuiZz4qc5yirujo40pTVnpvqHqCXNMNy7SQRjvXgr6K24qSgnABmvS9XvepYhoaBivIaizuJ2krGOaePPOcU3L9xOSKvCLN6hcCd8E+04ilHve/aRBnNXNx0dQwkExI4FLNqFeJMEck1pu6br6/6I07wy4YbY5zQ7jAIPbH5roUcHJ7ChOZQhWJAPfmuZRV7KN/RxkKREkdhQixJDZIOADiqXd3piTg4qh/Svc0XJrMmL2vQU5IIGR/mrbgMcx5oK+7H8mocBeDJ+K0l2WBlJ6kFJzx/j/pXUCH+f3rq5/0pewdPs9XdDveYCVzOO9RaVjdE5BnkUd7xQgGTOJIiaWN1oIDEHPAqzUry6ZTOmXZPSu7xnnFF0Ynd74+JpRbrKwkk4yTTeiJncCvzjmircEk8ixUdrwaeiuQHVWJI7k0/adHSC0+3k+azbXsVmP93cUxadrVgKACGM5FV6xUae/4/wDQK8jiXCI925QKJYHqXZIhBg1nOzujAYAI7DitPTsRaBgEk9+5qWnd1ge6bfsuikMSOxABqusB24GYq1u9lgrgw3cUPV3t4B3Ag4wIP+KePWTqLJJrCQooJtlZGIkHtQrk74mD96K6llJBEDml3M3JbP4qVxl+LM0tFNV+kx+/msbUKPcADFa2pdtoUn8RWXfclmyIjgCq91rtoGE9GbeBRYLE/FL3ot2Z5MwRR9SfcB2oOpY27JYwfjvXOlGX5AuKwkZ6n3HEVbv81AbcSe/zXETEkfiqqSfxTC2vRLAxIP4nmpYgqMQajbDf4qc+Vp0kvIPBZnAUrOfFVc+wGZM8GuJgZiahmGz81N12oemzgAp5JroBGTtHeuDZ5FcGGalp0ymtGh0Uldau1hBBivpXQ3LIuRAiQK+ZdHubeoWswJPavpnR7gBtkEe5duKvHqpXY8G1l6NjX2v6dm4DkMOKh7cqskkA5xmmtUm7QBhysH+a6JVfkzPimb6+cjRdeRC1bDNe/tjuKR1bCxbvmQFCE5rVsJJ1Hf7iKxeuzb0OsIx7SB3xFHvJxtGatYR8rvFmvu0ypM0bpjH/AFUgwO9LO5BgcUx0r/zYA7ikpkIVeTbRWu3NoEsTS2hJb1FIhg8mjb2Qs++COCPiqaK3eu3r10ptVjgCtJqGEzTzjQR5B/SF8xTWkukMIwBzSmoO2JABnNWskqZH6j2P25ro4oRm+reTRnTj6NDUapmUjdkZMiso3le66TB54rQ6j0/VdI1Is6pYdkW4J8ESKS12h/02m0OpHN/cSfIBiqcnBFzl6SM+W3fsBcaAsmCe3mgXkViZxmiuSUGe9L3GJ4rgmrfWL80GOJWwFy0ADtMT8UAbhIBj5NMMSFzA++aGLkRuXA5g0so3KosWTabfsj0yyfq3L9uT4qLlop79sBQJHmmtOGvuoUewdjTtvRevq9XZOD/p96iI4iqz6vjtMVPtLpZjWHS6XB9pjANV9La7QJAJz2qXH+n1CxDLzxWlpNOt9b9pvaSsoDXNHL9lG6V+TN9ZP+A//tXUAuFJUqQRgiuqfX7Nj7PV3GLuoUznEmqIiltxxHMnk0NpQNETOZPNWtNJAPf+K7cNqV4/cS8ILcUsfaPdGOKJo0jcYj7/AJqrp6ikzEDBHar22YpIZgwiJpe69m28GhaC7WBBbHFXsMoJlQAAY+KDbYlczJHar23NuMzikuMtE3TGF2l1YHBE5p5QFT9IntWWzb7i7RnvTwvt6bbgDV1LNjQdYZUXBbvvGAO1Rc1QZGAQmaWdw7DAAJwQalwqvyAPtQj1k8IX+Be1eBRlIP3HagjVTeZduKDuOxiGyfNJXWdb0iR+KnGUXjyButDuoIckTkcieKzr4AUxE/FXbUkCTkmQYpZru4QFA+80rl1TTeRp4qtil4SRumZ7UPUgemQQZ+1F1DAvEQRzUSzEz7hMZ4pk3LX9w4pGQMdsk1cqYyM03ZAua1mKztEQBWraUOoAWO0UFJwd2B5ZhLad4hSfxRx0++bZb0/wDW2iBWMCAKZRWA5EfmrLKwwxzo8c4KsQwgioJO0Vq/UCKl1AoGfHesuQTxA7Cp27yxup3tJ90/irDaMVWOa4YnzSt0ZqtjnTmVdbpzOC0Gvo3SN1m4gZQoJlSDOK+Y6dyt22fDA17/pjOutsby3p3UKL8EZpu0lakPCtM9+lkXOmuYJlDBJqmnUMiNiYB4q3RWa/03b4BEV3T7X9HaWIg8xVFNuuw1eUgdi2Z1DPAJY96899WH0Ok6w4yhr1VxfTSJmTOK8R9d6j0+lagRG9lUH80yaSuLGeFR8zJ3HI91OdMITUAx2pAsd5Peneky2pPgioqWWc6dKjXdkuWipkS0Ypm9obv+qQ2o2oZG4nNKXlh7S8S05+9bgxcngHvW7bDFLcgXSvpl+o66zb1OpP9Rs7AB/FevP+yxgivZ1VwHsz2wf8VkdIuhOoWG5hu9ex1X1NqumaF9R6wbBCoDIH4q/HN/lJ6Ol8acPaf9DA+rPpbq3WNeNU16w7i0tohlKTtECvLdb+kOtafSaW22n3myCCFcHkzTP1B/tF12p6abQvFWuGGYc/xWD0r6p1ml1DMbm/dEqTIit/me1pZvyQjHjtKha907qGmJ9XQXlA7xMUpcV7TglSv3FfWtN9bt/+OVX0GlutdliSwwK8tqOuWNRf1Eae3EzL/pB7ADxUVOKTTZZ8KvtZ4pxP6hAJqrINxkY5NbtzqHS9RavFraW9QAQDbXE1hXJZpHH25oRlHSI8kakmtD3TmAUlRMd6Ztaj0evaZ2H6xsIJ80Hp9spZLwY7Un1a+/8ArLNw8rEE16E4x/QSs5ONr9Wy3WdN/p12FSr27jI0/eRV9Aw9azkBnUrunggVpfVAW5pi6MHS4iXN3kxmvNaXUehdtuDAUzArzlKnd/3O2dOLR6P/AENp/d6aZz+sV1Zx191zuBABzE11G/v+/wDocvx9v+S/1Hmlzkj5HFXTBDHacRGapcVWJIztwsmrWlXbHAAP+aTkUpf7F5YWC4fcx4xiADRtOzlYBABAnHFKBSrkhhPaKd07FiAwIAyT5o09tIyaUW4jSMAzDg/NTpyzkAgDMZmoG190FRJmWImasLbKVLEqR3mm6Sd5wR7RGBIusynbET80w1yLJLBVnihMd0e4EnGTXXFPG7aRiOZoaeAwy2Lg8GV2g4+Kq5MkiuuiLgHz5qzKZOD54pIKqr9wuVvAA/pMnkzmlb7kuNpAJ+Ymj3DAjx+KUdS94QIM0JxaXayKoHcODgbvMZNLM/YRPeZp+7Z2AkmD480let7WODxOa1tu1RV7YJ3k+6B2q6ArA9scgeKra3MM4A7UfYBBAg02lSA5LRS3bEyAADyeDT2ntG0sxEmZpa1CNHbvTlv3phoB880VHzEW22w0h4yuBgZzRCuz3QOwAoZWBMyB4qEef1PzxJwKKWLGTpGH9RsRfQY75FYwaK1vqJp1CRwBWVAk/eldvKKdrSIH+angkxUA/GK5iYwRWUXJWFU9lkO0gzAFe/0d0v07R3gx/pXFYmexxXz9RK5r2nRHY9AIVp9pH5BmtJ9VYypn0z6bedGTzDkY+5o+lBRmBiJNZ30zfF6xcZOC28fnNP2rkKCMHdHmqRUqsqpey+rO1SxEACSa+Zf7QtZ/Qs2QRuZt2a+jdRvBdNBgM3tI7V8h+t9Uup6wyBpFsAfas5XGqNySTVI85/cZ71o9E/8ANk4EDE8VnNyaf6LP+qiJxSQ+Tycyzo9Do13ay0WAaGMVfqOvTQhnciZwvmqdPMaxDEhQSRPzXnOua1tXr7o/sQkAUZJU0irWHZN/rmp1F7d6hQA4C4j7U6/1Nq2tGwL5e0ZkEZrAqQxU8fzU23VGTvNjT3JM4BPxQvVFvIOfihs5BxmqggmKaMaeAKllDY6ne2gb2A5xVl1bXgxdwhbkxNJGBFSciKDj2yMs6CvCwQwaZ/FH0mpRWKXUFxSIUzEGk4nvUY/+qRZdoS6dHpNPqbd7SwpA29qzesD+so7RSVjUNYMqcHkGi67UDUOpGYWuyU+3AvZzricJt2OWy93o7s7SE9sE5rJtH+qnbPNPaa4p6feUtDSME81nid2Oa47dnQ3Yw+lh2yOT2rqt6985937V1dNIWzekEQAx+SSa4XRbtwSTzVbb+rwJ7mrgAkBlk9qmpVoE7Soi5cAMDjxNHsXAJHnHxSxfypiDzRrDSSuzbA8fxWuTTUjKKp0adgenbgloyZ8/9KKjSsnI+aXsv7AAJYD74qwuBxBJE0e1LGRbVaNDTlDZTkQJplNKHO+4Ns5E0tYUtbRRJAySBFaattCCDHeR3rOkrZSOsmTq7QW6QoEjImhgBnYNOAc//FaGsVzqt8DbEwBWbfUAs3uE4z5o+UyWEJ6iAzFf5NBQH15JBwOKY19oWGVShkqIjEmrKjK4UiDIGRSdvaMl1wweotyWIzI4rK1C7U8z25raviC0ABhOYrL1DBWEjA70G2M82kBQ7QwjcJPc4q4/XBUgDgzQ0MgnycURWkiAKesWxX9hbaiZYE5wAaLcvqiAQQZoNpsTAkVV3F79PIpE08onT8F21JuD2kgnmuS+UhTmTyDWn0j6f1PVWVdPaFxtwXmMnihdd6Hq+h6j0dXaFq6SV2zORzVV3/JrY2med6627UW+421m7s8U/wBZP9ZPhY/ms+p07tFEdNcAJzA+9QBFcT3pms2EsDivU/Sl9LlhtM8ssk7fE15UP3rT6HrTpdajEFVJj70uk8B/HKPqn0hc9AXtOTKggDxit5gNhUAHvXlui3CdaxUFQ6DnyK9LbubRk+7iaMZdUuqLRbezL67rVsaN3I/3as5/Ar4zq9Q2q1D3HMuxkmvo3131MaXQtZSfUvnaT/6a+aOQDB5nmmbUo4Jz3gj81o9DP/iWxMCZrP8AaSTHNP8ASf6buwzjippNb0Im9G5oWPrviCEMV5S77nYnmTNeu6Ws3bsn+yAfvXleoWxZ1t62DwxrW3geVixrua6agETFBppDKqJUAkA0YKrNPB7DzQtueaZ0wAI3Zb/FGTcc0GNN0jvRAOV/ftUi0sxtEH5pq2gc8ftRRpwZwYPY81z3R1qCWjPbTrA2iDQDZNsE/itR9PHbj5pa7OVCY8CsnTojKC/iZ5YmRFSDU3DtPEfFU3/FdLT8EXdjWkZDuR/7oiKAwIuPHY1fQZ1CgLuJPAqNQ8X7hAjPBpGktMRp3gOupUKAQZrqU9X4/muqvb7NTN/pr79MDtErgk08loOqkyEPGe9ZfTm9LVX7TQMkgsJmtpUZLSnk8yOBNLyRcVcNoX8dMCLJa0/YASI+9DtgqSd357U0H2IVSNxnmlbgyxiODHmnU5LC2B0sXscWQIHMz/FMWrbqquDBOMUkrbgQAT7eYp/T2ibK7TkHuIpYwvLJrCwaWkubWQQTI5+a0g24DMkHis60u4LcJkqMin7d1SQSTJE8cVVNNuLRROy2qtC6pMZHasi1bnUAFQQCTHitPVT6cr4yRSGjC3L7+3b7e1SSXZ2Btp219Adba33rTFQAATHxSe6LxOcmtDV3CMf28EVnMJusWAP/ACoyl1rAHG8Mm6QVaePmsrUEZKgEHxWncIey4I4GKzrtrapAPxWaxbM6ntiYYJACyIii2zsXZnnk0JSpf9WPBo6CIGPvRVyQjVeSVBVYjNERwpH3zUTFmOcz9qEVgfzSNW8oVLNo959FHbbd1Mww/wAUt/tFu+pf0ZIgw3+a8/0zrms6TB0zhczlQanrPWb/AFq7au6hgXQQAFiun9TtxdFdjdXd7PM9ZX+ugOPaP81nFYxM1p9WAuakmIIEfiaS9MA81ztvFIrdIGDNcTAq62wD7siuNsT7aYNlFyB2oluVcEHIqBb84PxXBAB+qKSpSAex+nvqEC9bkRcUQRPNfQbOutanTC5bgg8jwa+b/RHTrWs1ty9dXdbUwB5Jr3fUdDp9BY32WZUcmUng/Ao24Rp+Sis+ZfU+uOt6zqW3lrasQmeBWI20Gf1DxxW59SdHPTL+9GNyxckhz2Pg1iEqD7cyKmn2eBap5ODyQIitLpWEZ/4rLJ3Ga0ul+xWzEUzusmS9HountBZvCf8AOvI61hc1l5xMM5New6aFKPuIIxmvM63pz+vcKj2liVB8TS20vk8FKlLRnn810RXMpUkEFT4NFtIGb3ZHzRfxVoRW8IoklhAmmbSbcMCc1dAq/pBEfmpY7WlsUk5SkqOmEYoZt5U94/imU1Pt2RH4mkLN5S43TtHBrWsWbN+3O8RNc0otOmjui70xa5eQqDB3UpebcsECDWrf0i2rpiCg7gZpDU6eF3yI++aWMadyGp3TMi8oCE8xQJBBxTuq9ltvYAJ5pIsDXZFuStHncsX2C6G4beqRgB+ajUib1z/3E12nsuzSnbMmoe773kSSTW+iTvwD211SH+K6hYMm7qIsdUsuOD7SR3rbu3AtsBfGc1j9XANoOCSVMg07ZdtRaR9x2lZJH+K6ZvrChMSVl7ZlHc/pHearcXaWJyQozNEBbMBtoGPANc7EWszBUT4p0pKPYWSWmiumdiCg71q6ddgGR8SaxbbsryI5rdsvu2kmccCljq2I8Kh1XVUH2BNNKfaGJApYOoQiYMRRVaVkkmMU7j1ywxqLtl9XAwT34BpHpQ911jwuBTN25CgqOe1J9PJVbpY/qkgVLzYceC+qZbgcgjAkTSNsbg/E8UxfkWmIiY70rbAJPcd5peTDu7QmaoHI23BHBikdSW9PjB5poOFS7zG79qU1DCOSV700XcbkDLzoSAnt+Zolkw/6snHNCUhznnnj9qva5VhiaDbfk13kY9xkGB9qhrRJmYHOKHJK8mZoyPIjOa0XkWLVtHIhdtoojJtuKCZzzQ7REqTk0ydpgnP2o23gqpRo8/1V9uqicRST3AGxxTnVSGvs22OKRYQp+KVt3YyzksGJ5OasjDI4NUMYiun3TNHKNSQUe4keKjDZioRgJJPNduHmmV+DKj2f0q40OhS8G2+4sxrT1P1AmrAd3UJ2E5rJsXrFvoiWrt5LLRuG7k1laMDX3rnpkn0huA/4qTkwssEZK7PQ9SvWNXomS4relcX3QMqfIrwNxAjQDIE5New6i4fpZJIAjE8149gbjwBmpQa2VavJFm2blwACYzitHpI9jMf7pikrNxtObm0gMV28U/08bLXefim7VkS/R6DQM3oXAoycDOKXZRf1N0soKIoEL5o+kvLa0rk4n+aVe+dObjczmOaT/EJtJo7v8PNJuLPN61dmoYTMk8812mHvJMQccira5t2quEgwTIkVbTqCVB4oN/FWTSXax+xaV2Xt96HqlFlJKT80xaQuSBAIpy3ovVt/1DC+RUu7ujs6qvszbWqt2rQ36fBkgkUFmt3X/pobZnPIrVv9KJt7DDryBNIvbNuVWd3cxxTd7ZNcbS1g0LBdbSh2kciaz9Xq3ZSEUeM0U3CdIybwIpS4WbTbQF3TIdRU4rs322Nyy6rDFdSbjWYaPxSqxbYE5ijXENuySWMntFLbq6YN6OKdto1G19u5atrsC7RFZrRJqJriYrZTtkUqJx4rqrurqFD9T1urtC7bYGAYjIxSPR33JsnaVJ/7itJgCpz+k4Hmslf6HUmAO1bnB+av2k3RC+y+zWt3R6bAlZj9xUkblEwsKBMUKwEAJYnjmjH3pEmPI71RtNt6Am2q/sAsgm+wDBp7RWzaOx0LrxgACspd1q9nAjmM1qWGUtblmBAqMcbwL5od3knbIk0bf/SKmN2aUQBnY7iauzDaBBir22ngpm6QVGJsycGMA0tpW3FtwiMxRlYG3BqtpgrE52nB+1Rc3GKfkW8P2BvspttkATilEchjAGKJrbkg7ePAHFAVgR7Wkd6VNN2v7E9O0UmfUBKzOKQ1JjdJz/imjcn1Fb2xSDPIM+cUYvEvoq2tNg7US0ESBFXS5BjGMYpZpkkYBq6bZwYnwKydNtrIrWcDSKWED+ashIHIMfFCtkKphjRLbq6Ft3fxRSdtBS9FrbAMPFMWyqggkA/NKeqgcCRTCEK5PAjj8U6kutG0jC6m5OpYYj7UmxKjiRTnUj/4kj4FKG5AjkVHt6LRSrJwO6oiKhcVVu/mqt2DrmkXg8xXTHIogcrb2yf2ob5ihhxo1UXvahr7S5nAH7UbpesGk1tu4zsqA5IpSJrtsUtJIGDU13W7l+3csW1C2S8g94rLmDNcTJyc1xEVlUtGO3E1r9NYGws4IPI75rHra0ICWEJA5kUraiZ34NB2bZbHxOapdsPqLe5CBGD81Nxt4tHg7RNH0shbg/EVpJNMaMnF2ef19r07w3MrE9h2qEBXaRiidWsejr2HkA1CexQZmeRUH+KOnj+WkaGhMsZM/I5r0/SRYu23FxNwIxjNeY0jCVMQK3OltuYQfZPeuWT3g9PhTtUCvaNlvPBIWcfasXqd70r/AKVv3MOa9fqmT02YHAHivMLZFvVXbjQQTJY9xTLpurZTnj/8uhbS6G7qkb2kMBJx2qvpNY9pIMHI70+2s9NQ9u7I4IAoXrK1tizTPkVpNRyjnUIXlmb1G0F0hMANP55rICk1qdQcMuwcc1nMhHHFdUGqODmq8MrIrjkVFWHFP/AhVFYNdVq6sG2evFsAncBmThqzOqIA9u93U+a00UC6wkZJwDNLamwLqtawcE88GuhxeyPZ1bLKdyKViCJAo1mPSIPJA3QazOnXN1gqW9ymnrWVI7mkpLLeRNLBexlS3KxBMzWnpQSq9toyQfisvTOBv3YU9uJrTs3E9AADAH70OqrGzNp5khlX5E5AyD3qSxYgk48UlaAkkkZ/H2opkSIknjNWdJYYE2vAx6wSfdPwO1US/wC1pkSecxxSRY7oJjOQaMLhFoiZAPmppdX2RqBasrmT/wD1Q7SETgQB2NWuKGs7Rz5moBCN2HYj4pKT27JpYpi90TuJH80ne9ynwOc01duGWBMgmkroIAMU+LpDveEKIQDDf5mi21IZZBoTqJmYq6445ovdhbaVh7RJ3Crqyqm3jPagI2SGNcxCjHNNvIOyyqDCPUESR2oltj6rD/nQLbDdz2o6jaWbvEn5pIwVWG1WEZXUW/8AESDJ7k0meaa1qs92eSaWCMQTGKXqroteER3rok1YWmJ5ir+mqidxmcURk/BDMINUMmKggjJap3A96EUrBLZwwc1JPzUTIxXEfatJK9iEHOe9dzzXVZLZuTHaskvA9lDz4rZsqBpreOBnNZq6RnMSJ+aYXV3UAt7QY7zWUU2xTRuEom4LIUCqt1S3ZVRbTfcbkEmkLmsdk27sAeeaUS76b7sk03XI9rwM6q8+o1G6/AbAgVey6q+2MfelkctJJkk8mrBSrbgYjtUnFSR0J9VbNnTKgIj9NP27yopOCR8zWHo9SC0A/g8U2t6UOSTPauaUUpUdnHypLqtjtzqpZdkc9u1I37v6izyP+Faq6hgJkE+P/ugta2mG3MAeIoKMatsac5PBRmti3ILGe0zVtPc2GGJg9x4rnKA7QCB2xSt+8La7UmatSdI5OR9ZKmU1Vz1SxzI4oEbh/mtQdOtajTI9pirEZHzSV7SXLEgiR5GaNrSJTUpPs0KOsRFcATVyJNSgAbtRyQtspsPiuowAgV1C2C2ekZsyOZgx3odxQvABP+aPJkTMjtzVbhiSW2g/8X+PtXoW5YUSbSaTMtQdP1BxEK4mBT6XNr8H80l1EenfsXMDtIzTgLoJYgkgfipyi4u4jU2cp3XgRkc/inbDwoHA+TSKjbchTtjimbbkW1x9z2qSV4vZzSy85HEK7QO/P3FTMHj9qAh2qchoHmrC8Zg7Z+K6pZbjH0M38qLEFzMT7vNVJEleD2Jq6wDzk55qhAZpnB8HFc6i7pjrGirEcCCPIoO5luH27j2Bq4GwlZwBM1U3CLhI7eKZLrkm/bWBXUOwnAH5oReUWYmi3l3swPJyKVYFVI7is3cdDbwAbmuk4I/aoLAucxJ71YAH5IpEsWO/RE4JzJq8gJVEODOINdJAI4E0XjCEyXDQRBpgENuMdvxSyn3R3pjCqQDzQXY2V4FDbDH4rnsL5wMmrMdpI4HzXMDmRQX5FQBQBj2FDNsTOczTbLJIjjuRQXG4jzxisrekZOgQtKyScGoFndwox3JohtiCSM1QiT3EU7jqlkN2UdCpz+1QsnKiaNbtetAJP271oaXQraIZoJqTdOpBiu2jMXR3rokWyR8VQ7rLxBUjsa9fpVtgCRH2FC+o9Bb1OnF21HqryBiaEW5K6L/pOrPOreNzccB45oXrF1gxj+apwBnNVx7pOfvVE6IEyFEDvUcnFco3D/pUKYcVpSdBSyFtZH6TzTfpSM4FBtoS4+DwK0fQU7ZGSOahyS0jsiu0TL2G1cO2jWNUCYYxNFu2SjbSMzz5oK6YXDn2seO1I5KsoDhTVGnZC7FiJP70W46JbGAZxWVtuWCE3fANUvXmQEMe+KVQbf7llyqKeNDGsugKWGT4JrMaSJqWlz3/ABUTjP8AmrxXtnJyT7O0NaR3a2QpgLyZ81dmZbm3LKc4oeiM71HczRbylMAZPBFSdp1EpGNx2KXVO7GBzEUMijsDjgc5NBP/AHmq6XUjJ06SI2/Jrqn2/wDZrqWvoS2enW8EmRDA8zQ7mo2D3cnz2oBdbW7dIcn/ALwaFdY3H7mYr0JJJdo7INvyT1Rlu2FZY54jNObS9tdxAxNZ+p9thwZwAQDTemdWtKCxJ2iaWEk3dWw7WzmLbxAEfejpcITaIE+aC4PYxGQahGC25OO/3pFF20K/joaN0W8KVbcM4q+4yCYBHc0BS20xgxVg/tE/vTKPZsPd3QyjhLn6lI4rmuKr7SI/NBTDQZAPB8115wPiPig1lxYtxTsITuzkCfMTS7sUuMQJqfUiCSYHfvQ7jIHYTE+aCVKiaktJgnLHdCiT/cTS91yUk8dzR2cRBOPPnNZ967usuAcGs1imVja35Bm+m4k58Vaw25yZjPakuKLbubGpE6wVqhsMeOa7cQapaYMDBkxmRXIMYAGaCXsSv/ZhFcG4aMrluSBS4UbjJhu1Xa4FMEH71TEVdBeckl8EcmeYqWuHiMUI3VJqwZWWJ/ipyjbuORmolwwYnkGofnj81AMADDfIqbjAKCPzSxjGX4pirNEc8Chvbls4B8UZTCmeYoN5isRj4pmmMo5oLbEHAg8U7auDaY/mkrShoO4VoaayWIEknmYrmlFxadHVBNIYssxAwcd6cRc5G4ROaDatFSBEGacRYA+IFI428o60nlM8d1SwdLrrqRCzIpdQYmAZ81t/VNn+vauAcrB/FYyg+mI5zXTBdkmjzpJJtJlUG0VUj3cUS2pMA1RuKpv4CIe0w32wyiWXmm0cqwmOMms/p9/0Lo3fobBntWs2mJuqUhkPBFcri7SaO/jalGolGTcxO2l7tmdxLLtB7DNHKlW3ENgdqGysZ3SSRxR6q7Hvz5ASWIBgmeTSmrkPBxWoljbluRWTqmN28xB+KZRcn2SIcjpO9gwWjEVOSpJWIPiqhGPxV0wp3HFGn5JRfkNomIvwMSCM064jkA458VnWm2uGBin2wufH71KSXay6/HrF5FbqyuSPxSpGYpu5lCf2NVtaO5fUugkAwTVIxl4WyLd5bFdtdWkOj3yAQRFdSd0T7fYyYd90Eg/HFSUCnjIrras7l4jJxR03Nt9uTgyf8V60kptwq7OaTaj28iN8Sjg8RNF6fc22VEcrRL+iuXLdx0tEqok57eaU6YVhu205Hmp0lb0h0nKNj16ZJEiP5oVt5tEf3RGBRdwdiYbzQB7CQRg8QcA/eouX4toFLTQwtzYgBBJ44oypIgAgjzSvqxaIKnHee9GsXWhgEkgiT/2aaVqT7YQvVZQdSUI7H79qgsN8ERQmf3GRzQ2uj1WBGBilk3Kk2aMaVBGdRI4k5oV0Hdj9Pap9QTMBvk0GQHeR2iDH/Ws5XSQHegdyJiTNLagRaI+cGmXf2sAIJ/ilbxLW47zQliTseKcBQDNWKgHFQZ3QRFWMxxFJabuxiFJHBimLV2REftS/AmM1Y/8A1Tyt02B5GDIIPeucBSGgn4JoaP7SCJjkVLOXTCGBS350ZIhjuA+9Q2ASORXAZA4nmjKgCkjA8U+FlG0wSGONwPzV/WMLg+ABU1zJKDNCH5BWW2cL5niBXW5uNubI81Q2wonJM0ezOJESaW+qoeMbY5ZsjbIBYfFP6e0IGCY57UpYIAgiZxT9lPaBBEfM1yX7eTtS0/QYLOf0x4o9oyoIEEGl/cBt/s7GjpcBknGayk1rCOnfkyfqsAWLDd9xE/ivPoT6bGMV6D6rk6SznO4Z/FeftqTYLR3ro43S/wCUedypdm0dakEQSKt2IqLCzuJwIq79qdk1EXZShyMVp9K6kqTYvfpjBmKTKHbIg/E0uUKvEc0HlUVg3DKPWC2hIAWJE1C2VByIPiP/AJrF0XWHsMEu+63BgjkU1rOpraskq4Zu0HiuZwbeGzvhyRcewLqt4WCUU+9v4rKRGknnvNS1175LNkmmxoymmFwmM8VXsuOk2c6g+duXhCxGxZ5NQZj9NWYEnin9HoELIty56bESIzRvwxYwalRmnG08QabPuWZyKnq1ldPfKKT5odr2gHJ/NLJdXTQvXJzPvRp9sCa1OjnbpyP1S5471mXjINbnR7K/6BN2NxPmtGSu2gOr7JB9jH+4j4iuq3+ktnJuOT39xrqXrH0zn6GbbBuXeSMnkVs9L6Tc6pdACn0xG5ojvWV0gJe11pLnttloJ8V9JU2tBZRLShVHYV7nFxLk+TeEcvI+qXVCq6PT6PSHTqQVKEEN/dXzN7B0PVL9h14YyImK+hajWC6x3Sogj4NeJ+pCi9Z9cAw4E9s1bnUZRXRaNB+JAFYLPuLYqqQZJ/xVrY/qcdpznH3qGG11ECImRXk7dDadpArlz2gBjFTbvhODXXJ2jH70tcPpxIP4NNdNZKNXgb9dWMTBqWZS4gzjNIpfKk4zxmmC7PcLAYjvU8yf0T6DDMXCnIgdqGzrukTJGagBim4gD81DKwuMVIUfOKNtUBRd2DZgSZ4oFwy87jHxRslSCAZ70MrtXIrX8qK5F2gxA4xVFEnmfvRBaZjjmi+kBHxRkrDoEFAAM57irW1W4DnPiiLYME4k+KkWYBJMHzQUksMyV6KC1DCGNFIgczVVXaOZNWLExEZ801o1VR23G7ntFWX3CRgVAHtj5+9WnNTk70F35OBA5qXWQJJbE47V0iSCCPxUgSYFNV02N4ToXuGNqk5o1k/p7DBoFwf1TImOIpm2pCgA44qc0pO/A8bbqjQt3FLYPntWghAG6CxEUjaUM5EDPFMK0QsnntXJKtROy/iFuXlKg9h2qxYMQR2ORSGou+kCWKmO1Vs6wPwxHx2p4umit9sVsr9TXFOlsKDndOPtWJa/3cEznA+ae63e9W7bUGAFk/ekrYHpEcmea6IXHeThvtLBCAqogy1Wx3/A7Vy7i4leB2qboEzHeBTJxboOl1SKMYOWJx3qqjA71O83F+KkqVIpe1i5ptqijIFMTFUVATir8z+1WUTmKP2wqOMIvaWfbzNEuObcAHHzU6RSbpMYEmqXJdi0ACeKhJpzo9Hj+PHjFjXTdMuoS4zAlhEYnvTV3pj2W9Vr2ZwR2pDR6o2G2wDu4+Kd1nVdtvZG4nt2plumzmbdXFWLdU0q2DbLXWuO/uPkUIMtlFIwwGDFVu6t9UQdglRzNTcLFMmD8VpJ+wfaA3mDEzhua9R0pVHTrMGSEk15RlkyWk8Yr1+lU/6a0oBACATFVhFKPXyc91Kgw0rkTBz8V1QLN8ACW/cV1Rt/R19o+zzwvFAIAkGZ+1eu6h1htZ0G1ftx6lshTHBx3ryQdQWOJyIrQ0WvZ+lXrQ2kAgQwAivV4+VVJRVHkzi3FTvIW11TUWkI2rcU9zis/qlxepD1UjcqyR+TTnU+o72Fq3tXaIJAyayixmViaXvUWr2ZUlgtZu/0wxiIiKspLKoBERjHFLWGNu49p+J/NFVyEiRzXLG7oLiSRkAmfzNL6khCOI8imJIUGBH2zUX03CBgkdqsmryyjpMQBlhECT+KdQAZEEkRNUSyBBBgzBxTCptHAkCRNTqnjQudEEsvtniqlNh3QIPjvRDB9x5IwO1RcEyTEjwOKVddMWpewDH2GRx2NDBJABAAOcUVjMzkVQQXIkAAYzWT9mVo4JGYHwauqbzGBVgAxJEGpAg7Y901lLvoNOwYHfaI/muCg4aRmrq5kggRXEgkRz80JK3rQFfZooVEyCCKkKJyob4ImrDySPsa5sAkYJ5imaW6SGe9kBAswBtnxxV9oKyIIrtxYLA/NXU+0z5oZRml5ZQKHMCCajCEZ+81c4uQPvVCCFJPNaVuqHTFYY3GOD+Katy0ADbS9olpJOBP5pmyxHAk9iai0y3HlOx1LhPCyQPFHP6AZE+aXtGU3JyMTRy/tA+KhGTWKOhRTVCetTcpiCY7CkbeoFgEiJ4intZcKo2e3FYp9xkjPerpWvkiPI+rwXu3GuuXY5NTxboZPFFBAiRIFXi14Fj+NlwwQYUftQ7twOQAQAa64+8wMVyL7gIqUrbvQyvkd6JAAEAfmquzBvxiavccbMTzVQRPk+aN4zopJpfEqoLGYjzRUgGDgfFQFLRGZ+aas6G5c2hbbMSfFSbvBbi43YRttiy+w7g3BpCPcWgc8Vrarp2ovEKqgIowSQKUPTb4IUpP2NIl10i3NO31vRSwItG6wAAwCRS1y7vnM95pzWae7prSqVOwR2xSIng8eKaMX2bEnJYijkEGYxHimCZEACI70FWhSOR4qxJA8Yp5pp5OXMdFEDeosKDmvYadSEMCJ8V44GSB3PFPWOs3dN7XUsRiZzTOSUrZHzfo9WoQgZX9q6vPD6kaB7D+9dQ/S4xu8/QAq24jlt+RAwPNVt7w729xAMEggZogULfgAAR2oZxcEYk11uaTaSIzTW2Xdt0knAGTAqqksxltyx8CqWc347Qa58MYx9qhCdS6pAUU2orBUwl8FpbcPGauNwInAPaBQ9R/vF+5ogyRSykouq80FxaXey4G4Ln96KqlmC/z3NDt5Zft/wA6MvY99w/511RunnBBO2wLKeTM8wRxVwDyAMiuuZYfPNUtn+p+a5pUlZmkTuK4LRECK65KvNDNScsaM0lTeQ+AcTI4qqK0btn8VZ+TRGwyDttNFNPI/oqg2qVY7Z7gVIADHaY+YrrnNVHLfeqzSi244wn/ADDKDvf9DlQsB35zVhaCKSTCnvU2uB9jXXcoo7RSPVexWmnslWBk+IE9q5lEnIIqqiCKg/7x/vSTnSSGRIyRHFWZyVI4g8RVbf6F+9S36j96RyTajQeOFtysspO6QfdQrzRaYnBJNXsfr/FD1X+7FV5a4pUgxAW0OI4pq3Kt4pa0f6n7UfTklRJnNTiuyKrZpW/aZ4Y+KrvlRP6eCRUz7l+9Dv4sn/3f8651JOotFE5XSYnr3GwRMnsazj8imtb/ALxaWb9S1W+uiPIneTgM5qxacZq93Dj7CogbeKdZSk9saKukibdnIzBn+Kes9PvXsBYHO84Aq3RkV9fbDKGEdxNPfU7FLm1SVWBgYFNGpOmi9/px7CP+k0llQL18uQYhBirLrNFYcC3pfUJ/ufuaSsqDaEgGjdJAbqVsESJODVZdYJRolGUppuxo9X1CXALWmt23PELXXm6iylnuraEgSpGP2rvqMBep24EYHFBV2I0SydpcyJwc1OLSeRoJyWWXu9K1J09+410t6Z48/NUOiuIwJvMqhQxhc57Cti0T6WpE4LvI/JpXW4W9GIZIirSVtSISTt2xHSX3LahGZ3VEJ2tgms5f0kntWrYYjqGqgkSn/Ss/UD+oPvXG5qUdeSnHHUgK8AxINWnGYqlsn1AJxmrMSSZrR+T6spWO38Ch9sETP2qy3Vcw4z2JFSOPwKG1RvNMnIL6X/pP4YV1LyfJrqNgtn//2Q==","Ronil","M","Cajan","ron","Plaridel","2021-04-01","33","Married","Female","Purok 2","Yes","Positive","19512659595","cajanr02@gmail.com","","310 W Las Colinas Blvd","1","");
INSERT INTO tblresident VALUES("180","1212321321","American","18052021113745sl9JaS.jpg","Ronil","213213","Cajan","","321321","2021-04-28","33","Widow","Male","Purok 3","No","","19512659595","cajanr0222@gmail.com","IT","310 W Las Colinas Blvd","0","re");

